file,line,type,commit,author,date,time,timezone,datetime,depth,length
index.js,1,js,0a77d3f5,j2doan,2025-10-24,20:19:21,-07:00,2025-10-24T20:19:21-07:00,0,71
index.js,2,js,32c8d80e,j2doan,2025-10-24,17:57:09,-07:00,2025-10-24T17:57:09-07:00,0,0
index.js,3,js,32c8d80e,j2doan,2025-10-24,17:57:09,-07:00,2025-10-24T17:57:09-07:00,0,54
index.js,4,js,32c8d80e,j2doan,2025-10-24,17:57:09,-07:00,2025-10-24T17:57:09-07:00,0,42
index.js,5,js,32c8d80e,j2doan,2025-10-24,17:57:09,-07:00,2025-10-24T17:57:09-07:00,0,0
index.js,6,js,32c8d80e,j2doan,2025-10-24,17:57:09,-07:00,2025-10-24T17:57:09-07:00,0,60
index.js,7,js,32c8d80e,j2doan,2025-10-24,17:57:09,-07:00,2025-10-24T17:57:09-07:00,0,0
index.js,8,js,29e77f1d,j2doan,2025-10-24,18:11:33,-07:00,2025-10-24T18:11:33-07:00,0,54
index.js,9,js,29e77f1d,j2doan,2025-10-24,18:11:33,-07:00,2025-10-24T18:11:33-07:00,0,0
index.js,10,js,62ee3e9a,j2doan,2025-10-24,20:07:15,-07:00,2025-10-24T20:07:15-07:00,0,49
index.js,11,js,62ee3e9a,j2doan,2025-10-24,20:07:15,-07:00,2025-10-24T20:07:15-07:00,0,0
index.js,12,js,62ee3e9a,j2doan,2025-10-24,20:07:15,-07:00,2025-10-24T20:07:15-07:00,0,60
index.js,13,js,62ee3e9a,j2doan,2025-10-24,20:07:15,-07:00,2025-10-24T20:07:15-07:00,0,0
index.js,14,js,62ee3e9a,j2doan,2025-10-24,20:07:15,-07:00,2025-10-24T20:07:15-07:00,0,17
index.js,15,js,62ee3e9a,j2doan,2025-10-24,20:07:15,-07:00,2025-10-24T20:07:15-07:00,2,24
index.js,16,js,62ee3e9a,j2doan,2025-10-24,20:07:15,-07:00,2025-10-24T20:07:15-07:00,4,2
index.js,17,js,62ee3e9a,j2doan,2025-10-24,20:07:15,-07:00,2025-10-24T20:07:15-07:00,6,55
index.js,18,js,62ee3e9a,j2doan,2025-10-24,20:07:15,-07:00,2025-10-24T20:07:15-07:00,6,55
index.js,19,js,62ee3e9a,j2doan,2025-10-24,20:07:15,-07:00,2025-10-24T20:07:15-07:00,6,49
index.js,20,js,62ee3e9a,j2doan,2025-10-24,20:07:15,-07:00,2025-10-24T20:07:15-07:00,6,49
index.js,21,js,62ee3e9a,j2doan,2025-10-24,20:07:15,-07:00,2025-10-24T20:07:15-07:00,4,3
index.js,22,js,62ee3e9a,j2doan,2025-10-24,20:07:15,-07:00,2025-10-24T20:07:15-07:00,2,0
index.js,23,js,62ee3e9a,j2doan,2025-10-24,20:07:15,-07:00,2025-10-24T20:07:15-07:00,0,0
global.js,1,js,095d7912,j2doan,2025-10-13,23:55:30,-07:00,2025-10-13T23:55:30-07:00,0,25
global.js,2,js,095d7912,j2doan,2025-10-13,23:55:30,-07:00,2025-10-13T23:55:30-07:00,0,0
global.js,3,js,095d7912,j2doan,2025-10-13,23:55:30,-07:00,2025-10-13T23:55:30-07:00,0,41
global.js,4,js,086128aa,j2doan,2025-10-14,01:05:03,-07:00,2025-10-14T01:05:03-07:00,2,52
global.js,5,js,095d7912,j2doan,2025-10-13,23:55:30,-07:00,2025-10-13T23:55:30-07:00,0,0
global.js,6,js,b8606c60,j2doan,2025-10-14,00:41:03,-07:00,2025-10-14T00:41:03-07:00,0,0
global.js,7,js,b8606c60,j2doan,2025-10-14,00:41:03,-07:00,2025-10-14T00:41:03-07:00,0,28
global.js,8,js,b8606c60,j2doan,2025-10-14,00:41:03,-07:00,2025-10-14T00:41:03-07:00,0,23
global.js,9,js,b8606c60,j2doan,2025-10-14,00:41:03,-07:00,2025-10-14T00:41:03-07:00,0,0
global.js,10,js,b8606c60,j2doan,2025-10-14,00:41:03,-07:00,2025-10-14T00:41:03-07:00,0,33
global.js,11,js,b8606c60,j2doan,2025-10-14,00:41:03,-07:00,2025-10-14T00:41:03-07:00,0,70
global.js,12,js,b8606c60,j2doan,2025-10-14,00:41:03,-07:00,2025-10-14T00:41:03-07:00,0,3
global.js,13,js,b8606c60,j2doan,2025-10-14,00:41:03,-07:00,2025-10-14T00:41:03-07:00,0,0
global.js,14,js,b8606c60,j2doan,2025-10-14,00:41:03,-07:00,2025-10-14T00:41:03-07:00,0,39
global.js,15,js,b8606c60,j2doan,2025-10-14,00:41:03,-07:00,2025-10-14T00:41:03-07:00,0,0
global.js,16,js,b8606c60,j2doan,2025-10-14,00:41:03,-07:00,2025-10-14T00:41:03-07:00,0,11
global.js,17,js,086128aa,j2doan,2025-10-14,01:05:03,-07:00,2025-10-14T01:05:03-07:00,2,25
global.js,18,js,086128aa,j2doan,2025-10-14,01:05:03,-07:00,2025-10-14T01:05:03-07:00,2,38
global.js,19,js,086128aa,j2doan,2025-10-14,01:05:03,-07:00,2025-10-14T01:05:03-07:00,2,36
global.js,20,js,086128aa,j2doan,2025-10-14,01:05:03,-07:00,2025-10-14T01:05:03-07:00,2,34
global.js,21,js,086128aa,j2doan,2025-10-14,01:05:03,-07:00,2025-10-14T01:05:03-07:00,2,53
global.js,22,js,b8606c60,j2doan,2025-10-14,00:41:03,-07:00,2025-10-14T00:41:03-07:00,0,0
global.js,23,js,b8606c60,j2doan,2025-10-14,00:41:03,-07:00,2025-10-14T00:41:03-07:00,0,0
global.js,24,js,ca08cfdb,j2doan,2025-10-24,01:18:36,-07:00,2025-10-24T01:18:36-07:00,0,60
global.js,25,js,ca08cfdb,j2doan,2025-10-24,01:18:36,-07:00,2025-10-24T01:18:36-07:00,0,70
global.js,26,js,b8606c60,j2doan,2025-10-14,00:41:03,-07:00,2025-10-14T00:41:03-07:00,0,0
global.js,27,js,ca08cfdb,j2doan,2025-10-24,01:18:36,-07:00,2025-10-24T01:18:36-07:00,0,142
global.js,28,js,086128aa,j2doan,2025-10-14,01:05:03,-07:00,2025-10-14T01:05:03-07:00,1,36
global.js,29,js,e974d918,j2doan,2025-10-14,01:09:14,-07:00,2025-10-14T01:09:14-07:00,1,48
global.js,30,js,086128aa,j2doan,2025-10-14,01:05:03,-07:00,2025-10-14T01:05:03-07:00,0,0
global.js,31,js,b8606c60,j2doan,2025-10-14,00:41:03,-07:00,2025-10-14T00:41:03-07:00,0,20
global.js,32,js,ca08cfdb,j2doan,2025-10-24,01:18:36,-07:00,2025-10-24T01:18:36-07:00,2,33
global.js,33,js,ca08cfdb,j2doan,2025-10-24,01:18:36,-07:00,2025-10-24T01:18:36-07:00,2,193
global.js,34,js,ca08cfdb,j2doan,2025-10-24,01:18:36,-07:00,2025-10-24T01:18:36-07:00,2,36
global.js,35,js,086128aa,j2doan,2025-10-14,01:05:03,-07:00,2025-10-14T01:05:03-07:00,0,0
global.js,36,js,ca08cfdb,j2doan,2025-10-24,01:18:36,-07:00,2025-10-24T01:18:36-07:00,2,58
global.js,37,js,ca08cfdb,j2doan,2025-10-24,01:18:36,-07:00,2025-10-24T01:18:36-07:00,2,27
global.js,38,js,ca08cfdb,j2doan,2025-10-24,01:18:36,-07:00,2025-10-24T01:18:36-07:00,2,56
global.js,39,js,47f632b5,j2doan,2025-10-14,01:17:25,-07:00,2025-10-14T01:17:25-07:00,0,0
global.js,40,js,ca08cfdb,j2doan,2025-10-24,01:18:36,-07:00,2025-10-24T01:18:36-07:00,2,118
global.js,41,js,086128aa,j2doan,2025-10-14,01:05:03,-07:00,2025-10-14T01:05:03-07:00,4,8
global.js,42,js,086128aa,j2doan,2025-10-14,01:05:03,-07:00,2025-10-14T01:05:03-07:00,4,58
global.js,43,js,086128aa,j2doan,2025-10-14,01:05:03,-07:00,2025-10-14T01:05:03-07:00,2,0
global.js,44,js,47f632b5,j2doan,2025-10-14,01:17:25,-07:00,2025-10-14T01:17:25-07:00,2,0
global.js,45,js,ca08cfdb,j2doan,2025-10-24,01:18:36,-07:00,2025-10-24T01:18:36-07:00,2,138
global.js,46,js,47f632b5,j2doan,2025-10-14,01:17:25,-07:00,2025-10-14T01:17:25-07:00,4,18
global.js,47,js,47f632b5,j2doan,2025-10-14,01:17:25,-07:00,2025-10-14T01:17:25-07:00,2,0
global.js,48,js,086128aa,j2doan,2025-10-14,01:05:03,-07:00,2025-10-14T01:05:03-07:00,0,0
global.js,49,js,086128aa,j2doan,2025-10-14,01:05:03,-07:00,2025-10-14T01:05:03-07:00,2,12
global.js,50,js,b8606c60,j2doan,2025-10-14,00:41:03,-07:00,2025-10-14T00:41:03-07:00,0,0
global.js,51,js,6016550c,j2doan,2025-10-15,18:39:34,-07:00,2025-10-15T18:39:34-07:00,0,0
global.js,52,js,ca08cfdb,j2doan,2025-10-24,01:18:36,-07:00,2025-10-24T01:18:36-07:00,0,72
global.js,53,js,ca08cfdb,j2doan,2025-10-24,01:18:36,-07:00,2025-10-24T01:18:36-07:00,2,74
global.js,54,js,6016550c,j2doan,2025-10-15,18:39:34,-07:00,2025-10-15T18:39:34-07:00,2,0
global.js,55,js,6016550c,j2doan,2025-10-15,18:39:34,-07:00,2025-10-15T18:39:34-07:00,0,26
global.js,56,js,6016550c,j2doan,2025-10-15,18:39:34,-07:00,2025-10-15T18:39:34-07:00,0,4
global.js,57,js,6016550c,j2doan,2025-10-15,18:39:34,-07:00,2025-10-15T18:39:34-07:00,0,6
global.js,58,js,6016550c,j2doan,2025-10-15,18:39:34,-07:00,2025-10-15T18:39:34-07:00,0,43
global.js,59,js,6016550c,j2doan,2025-10-15,18:39:34,-07:00,2025-10-15T18:39:34-07:00,6,34
global.js,60,js,6016550c,j2doan,2025-10-15,18:39:34,-07:00,2025-10-15T18:39:34-07:00,6,32
global.js,61,js,6016550c,j2doan,2025-10-15,18:39:34,-07:00,2025-10-15T18:39:34-07:00,0,7
global.js,62,js,ca08cfdb,j2doan,2025-10-24,01:18:36,-07:00,2025-10-24T01:18:36-07:00,0,88
global.js,63,js,6016550c,j2doan,2025-10-15,18:39:34,-07:00,2025-10-15T18:39:34-07:00,0,0
global.js,64,js,596ff13a,j2doan,2025-10-15,18:53:46,-07:00,2025-10-15T18:53:46-07:00,0,0
global.js,65,js,ca08cfdb,j2doan,2025-10-24,01:18:36,-07:00,2025-10-24T01:18:36-07:00,0,193
global.js,66,js,596ff13a,j2doan,2025-10-15,18:53:46,-07:00,2025-10-15T18:53:46-07:00,0,0
global.js,67,js,ca08cfdb,j2doan,2025-10-24,01:18:36,-07:00,2025-10-24T01:18:36-07:00,0,136
global.js,68,js,ca08cfdb,j2doan,2025-10-24,01:18:36,-07:00,2025-10-24T01:18:36-07:00,2,220
global.js,69,js,ca08cfdb,j2doan,2025-10-24,01:18:36,-07:00,2025-10-24T01:18:36-07:00,2,136
global.js,70,js,596ff13a,j2doan,2025-10-15,18:53:46,-07:00,2025-10-15T18:53:46-07:00,0,0
global.js,71,js,596ff13a,j2doan,2025-10-15,18:53:46,-07:00,2025-10-15T18:53:46-07:00,0,0
global.js,72,js,ca08cfdb,j2doan,2025-10-24,01:18:36,-07:00,2025-10-24T01:18:36-07:00,0,216
global.js,73,js,ca08cfdb,j2doan,2025-10-24,01:18:36,-07:00,2025-10-24T01:18:36-07:00,2,78
global.js,74,js,ca08cfdb,j2doan,2025-10-24,01:18:36,-07:00,2025-10-24T01:18:36-07:00,2,136
global.js,75,js,ca08cfdb,j2doan,2025-10-24,01:18:36,-07:00,2025-10-24T01:18:36-07:00,2,162
global.js,76,js,596ff13a,j2doan,2025-10-15,18:53:46,-07:00,2025-10-15T18:53:46-07:00,0,1
global.js,77,js,9d1320c1,j2doan,2025-10-16,17:42:37,-07:00,2025-10-16T17:42:37-07:00,0,0
global.js,78,js,ca08cfdb,j2doan,2025-10-24,01:18:36,-07:00,2025-10-24T01:18:36-07:00,0,100
global.js,79,js,9d1320c1,j2doan,2025-10-16,17:42:37,-07:00,2025-10-16T17:42:37-07:00,0,0
global.js,80,js,ca08cfdb,j2doan,2025-10-24,01:18:36,-07:00,2025-10-24T01:18:36-07:00,0,184
global.js,81,js,9d1320c1,j2doan,2025-10-16,17:42:37,-07:00,2025-10-16T17:42:37-07:00,2,21
global.js,82,js,9d1320c1,j2doan,2025-10-16,17:42:37,-07:00,2025-10-16T17:42:37-07:00,2,28
global.js,83,js,9d1320c1,j2doan,2025-10-16,17:42:37,-07:00,2025-10-16T17:42:37-07:00,2,26
global.js,84,js,9d1320c1,j2doan,2025-10-16,17:42:37,-07:00,2025-10-16T17:42:37-07:00,2,31
global.js,85,js,9d1320c1,j2doan,2025-10-16,17:42:37,-07:00,2025-10-16T17:42:37-07:00,4,45
global.js,86,js,9d1320c1,j2doan,2025-10-16,17:42:37,-07:00,2025-10-16T17:42:37-07:00,2,0
global.js,87,js,9d1320c1,j2doan,2025-10-16,17:42:37,-07:00,2025-10-16T17:42:37-07:00,2,21
global.js,88,js,9d1320c1,j2doan,2025-10-16,17:42:37,-07:00,2025-10-16T17:42:37-07:00,2,18
global.js,89,js,ca08cfdb,j2doan,2025-10-24,01:18:36,-07:00,2025-10-24T01:18:36-07:00,0,1
global.js,90,js,ca08cfdb,j2doan,2025-10-24,01:18:36,-07:00,2025-10-24T01:18:36-07:00,0,0
global.js,91,js,ca08cfdb,j2doan,2025-10-24,01:18:36,-07:00,2025-10-24T01:18:36-07:00,0,98
global.js,92,js,ca08cfdb,j2doan,2025-10-24,01:18:36,-07:00,2025-10-24T01:18:36-07:00,2,3
global.js,93,js,ca08cfdb,j2doan,2025-10-24,01:18:36,-07:00,2025-10-24T01:18:36-07:00,4,39
global.js,94,js,ca08cfdb,j2doan,2025-10-24,01:18:36,-07:00,2025-10-24T01:18:36-07:00,4,32
global.js,95,js,ca08cfdb,j2doan,2025-10-24,01:18:36,-07:00,2025-10-24T01:18:36-07:00,4,17
global.js,96,js,ca08cfdb,j2doan,2025-10-24,01:18:36,-07:00,2025-10-24T01:18:36-07:00,6,66
global.js,97,js,ca08cfdb,j2doan,2025-10-24,01:18:36,-07:00,2025-10-24T01:18:36-07:00,4,0
global.js,98,js,ca08cfdb,j2doan,2025-10-24,01:18:36,-07:00,2025-10-24T01:18:36-07:00,4,33
global.js,99,js,ca08cfdb,j2doan,2025-10-24,01:18:36,-07:00,2025-10-24T01:18:36-07:00,4,10
global.js,100,js,ca08cfdb,j2doan,2025-10-24,01:18:36,-07:00,2025-10-24T01:18:36-07:00,2,15
global.js,101,js,ca08cfdb,j2doan,2025-10-24,01:18:36,-07:00,2025-10-24T01:18:36-07:00,4,59
global.js,102,js,ca08cfdb,j2doan,2025-10-24,01:18:36,-07:00,2025-10-24T01:18:36-07:00,2,0
global.js,103,js,ca08cfdb,j2doan,2025-10-24,01:18:36,-07:00,2025-10-24T01:18:36-07:00,0,0
global.js,104,js,ca08cfdb,j2doan,2025-10-24,01:18:36,-07:00,2025-10-24T01:18:36-07:00,0,0
global.js,105,js,ca08cfdb,j2doan,2025-10-24,01:18:36,-07:00,2025-10-24T01:18:36-07:00,0,201
global.js,106,js,ca08cfdb,j2doan,2025-10-24,01:18:36,-07:00,2025-10-24T01:18:36-07:00,2,23
global.js,107,js,ca08cfdb,j2doan,2025-10-24,01:18:36,-07:00,2025-10-24T01:18:36-07:00,2,59
global.js,108,js,ca08cfdb,j2doan,2025-10-24,01:18:36,-07:00,2025-10-24T01:18:36-07:00,4,77
global.js,109,js,ca08cfdb,j2doan,2025-10-24,01:18:36,-07:00,2025-10-24T01:18:36-07:00,4,5
global.js,110,js,ca08cfdb,j2doan,2025-10-24,01:18:36,-07:00,2025-10-24T01:18:36-07:00,2,0
global.js,111,js,ca08cfdb,j2doan,2025-10-24,01:18:36,-07:00,2025-10-24T01:18:36-07:00,0,0
global.js,112,js,ca08cfdb,j2doan,2025-10-24,01:18:36,-07:00,2025-10-24T01:18:36-07:00,2,73
global.js,113,js,ca08cfdb,j2doan,2025-10-24,01:18:36,-07:00,2025-10-24T01:18:36-07:00,4,58
global.js,114,js,ca08cfdb,j2doan,2025-10-24,01:18:36,-07:00,2025-10-24T01:18:36-07:00,4,5
global.js,115,js,ca08cfdb,j2doan,2025-10-24,01:18:36,-07:00,2025-10-24T01:18:36-07:00,2,0
global.js,116,js,ca08cfdb,j2doan,2025-10-24,01:18:36,-07:00,2025-10-24T01:18:36-07:00,0,0
global.js,117,js,ca08cfdb,j2doan,2025-10-24,01:18:36,-07:00,2025-10-24T01:18:36-07:00,2,57
global.js,118,js,ca08cfdb,j2doan,2025-10-24,01:18:36,-07:00,2025-10-24T01:18:36-07:00,2,117
global.js,119,js,ca08cfdb,j2doan,2025-10-24,01:18:36,-07:00,2025-10-24T01:18:36-07:00,4,83
global.js,120,js,ca08cfdb,j2doan,2025-10-24,01:18:36,-07:00,2025-10-24T01:18:36-07:00,4,18
global.js,121,js,ca08cfdb,j2doan,2025-10-24,01:18:36,-07:00,2025-10-24T01:18:36-07:00,2,0
global.js,122,js,ca08cfdb,j2doan,2025-10-24,01:18:36,-07:00,2025-10-24T01:18:36-07:00,0,0
global.js,123,js,32c8d80e,j2doan,2025-10-24,17:57:09,-07:00,2025-10-24T17:57:09-07:00,2,131
global.js,124,js,ca08cfdb,j2doan,2025-10-24,01:18:36,-07:00,2025-10-24T01:18:36-07:00,0,0
global.js,125,js,ca08cfdb,j2doan,2025-10-24,01:18:36,-07:00,2025-10-24T01:18:36-07:00,2,20
global.js,126,js,ca08cfdb,j2doan,2025-10-24,01:18:36,-07:00,2025-10-24T01:18:36-07:00,4,90
global.js,127,js,ca08cfdb,j2doan,2025-10-24,01:18:36,-07:00,2025-10-24T01:18:36-07:00,4,0
global.js,128,js,ca08cfdb,j2doan,2025-10-24,01:18:36,-07:00,2025-10-24T01:18:36-07:00,0,0
global.js,129,js,ca08cfdb,j2doan,2025-10-24,01:18:36,-07:00,2025-10-24T01:18:36-07:00,4,101
global.js,130,js,ca08cfdb,j2doan,2025-10-24,01:18:36,-07:00,2025-10-24T01:18:36-07:00,6,7
global.js,131,js,ca08cfdb,j2doan,2025-10-24,01:18:36,-07:00,2025-10-24T01:18:36-07:00,6,19
global.js,132,js,ca08cfdb,j2doan,2025-10-24,01:18:36,-07:00,2025-10-24T01:18:36-07:00,0,0
global.js,133,js,ca08cfdb,j2doan,2025-10-24,01:18:36,-07:00,2025-10-24T01:18:36-07:00,4,96
global.js,134,js,ca08cfdb,j2doan,2025-10-24,01:18:36,-07:00,2025-10-24T01:18:36-07:00,6,7
global.js,135,js,ca08cfdb,j2doan,2025-10-24,01:18:36,-07:00,2025-10-24T01:18:36-07:00,6,25
global.js,136,js,ca08cfdb,j2doan,2025-10-24,01:18:36,-07:00,2025-10-24T01:18:36-07:00,0,0
global.js,137,js,ca08cfdb,j2doan,2025-10-24,01:18:36,-07:00,2025-10-24T01:18:36-07:00,4,119
global.js,138,js,ca08cfdb,j2doan,2025-10-24,01:18:36,-07:00,2025-10-24T01:18:36-07:00,6,13
global.js,139,js,ca08cfdb,j2doan,2025-10-24,01:18:36,-07:00,2025-10-24T01:18:36-07:00,6,28
global.js,140,js,ca08cfdb,j2doan,2025-10-24,01:18:36,-07:00,2025-10-24T01:18:36-07:00,0,0
global.js,141,js,3ccc75cf,j2doan,2025-10-31,17:17:16,-07:00,2025-10-31T17:17:16-07:00,4,61
global.js,142,js,3ccc75cf,j2doan,2025-10-31,17:17:16,-07:00,2025-10-31T17:17:16-07:00,6,6
global.js,143,js,3ccc75cf,j2doan,2025-10-31,17:17:16,-07:00,2025-10-31T17:17:16-07:00,6,15
global.js,144,js,3ccc75cf,j2doan,2025-10-31,17:17:16,-07:00,2025-10-31T17:17:16-07:00,0,0
global.js,145,js,ca08cfdb,j2doan,2025-10-24,01:18:36,-07:00,2025-10-24T01:18:36-07:00,4,19
global.js,146,js,ca08cfdb,j2doan,2025-10-24,01:18:36,-07:00,2025-10-24T01:18:36-07:00,6,41
global.js,147,js,ca08cfdb,j2doan,2025-10-24,01:18:36,-07:00,2025-10-24T01:18:36-07:00,6,33
global.js,148,js,ca08cfdb,j2doan,2025-10-24,01:18:36,-07:00,2025-10-24T01:18:36-07:00,6,19
global.js,149,js,3ccc75cf,j2doan,2025-10-31,17:17:16,-07:00,2025-10-31T17:17:16-07:00,6,40
global.js,150,js,ca08cfdb,j2doan,2025-10-24,01:18:36,-07:00,2025-10-24T01:18:36-07:00,4,0
global.js,151,js,ca08cfdb,j2doan,2025-10-24,01:18:36,-07:00,2025-10-24T01:18:36-07:00,0,0
global.js,152,js,ca08cfdb,j2doan,2025-10-24,01:18:36,-07:00,2025-10-24T01:18:36-07:00,4,36
global.js,153,js,ca08cfdb,j2doan,2025-10-24,01:18:36,-07:00,2025-10-24T01:18:36-07:00,0,0
global.js,154,js,ca08cfdb,j2doan,2025-10-24,01:18:36,-07:00,2025-10-24T01:18:36-07:00,2,1
global.js,155,js,ca08cfdb,j2doan,2025-10-24,01:18:36,-07:00,2025-10-24T01:18:36-07:00,0,0
global.js,156,js,62ee3e9a,j2doan,2025-10-24,20:07:15,-07:00,2025-10-24T20:07:15-07:00,0,0
global.js,157,js,62ee3e9a,j2doan,2025-10-24,20:07:15,-07:00,2025-10-24T20:07:15-07:00,0,76
global.js,158,js,62ee3e9a,j2doan,2025-10-24,20:07:15,-07:00,2025-10-24T20:07:15-07:00,2,22
global.js,159,js,62ee3e9a,j2doan,2025-10-24,20:07:15,-07:00,2025-10-24T20:07:15-07:00,2,59
global.js,160,js,62ee3e9a,j2doan,2025-10-24,20:07:15,-07:00,2025-10-24T20:07:15-07:00,0,0
style.css,1,css,ff1a098f,j2doan,2025-10-07,18:17:51,-07:00,2025-10-07T18:17:51-07:00,0,4
style.css,2,css,ff1a098f,j2doan,2025-10-07,18:17:51,-07:00,2025-10-07T18:17:51-07:00,1,31
style.css,3,css,ff1a098f,j2doan,2025-10-07,18:17:51,-07:00,2025-10-07T18:17:51-07:00,1,32
style.css,4,css,76cfeb86,j2doan,2025-10-15,18:23:03,-07:00,2025-10-15T18:23:03-07:00,1,23
style.css,5,css,ff1a098f,j2doan,2025-10-07,18:17:51,-07:00,2025-10-07T18:17:51-07:00,0,0
style.css,6,css,ddcd3f95,j2doan,2025-09-30,19:20:42,-07:00,2025-09-30T19:20:42-07:00,0,4
style.css,7,css,ddcd3f95,j2doan,2025-09-30,19:20:42,-07:00,2025-09-30T19:20:42-07:00,1,43
style.css,8,css,ddcd3f95,j2doan,2025-09-30,19:20:42,-07:00,2025-09-30T19:20:42-07:00,0,42
style.css,9,css,ddcd3f95,j2doan,2025-09-30,19:20:42,-07:00,2025-09-30T19:20:42-07:00,0,0
style.css,10,css,ddcd3f95,j2doan,2025-09-30,19:20:42,-07:00,2025-09-30T19:20:42-07:00,1,23
style.css,11,css,b70ff00e,j2doan,2025-10-07,18:07:32,-07:00,2025-10-07T18:07:32-07:00,1,15
style.css,12,css,b70ff00e,j2doan,2025-10-07,18:07:32,-07:00,2025-10-07T18:07:32-07:00,1,42
style.css,13,css,76cfeb86,j2doan,2025-10-15,18:23:03,-07:00,2025-10-15T18:23:03-07:00,1,23
style.css,14,css,76cfeb86,j2doan,2025-10-15,18:23:03,-07:00,2025-10-15T18:23:03-07:00,1,16
style.css,15,css,b70ff00e,j2doan,2025-10-07,18:07:32,-07:00,2025-10-07T18:07:32-07:00,0,0
style.css,16,css,b70ff00e,j2doan,2025-10-07,18:07:32,-07:00,2025-10-07T18:07:32-07:00,0,5
style.css,17,css,b70ff00e,j2doan,2025-10-07,18:07:32,-07:00,2025-10-07T18:07:32-07:00,0,6
style.css,18,css,b70ff00e,j2doan,2025-10-07,18:07:32,-07:00,2025-10-07T18:07:32-07:00,1,16
style.css,19,css,b70ff00e,j2doan,2025-10-07,18:07:32,-07:00,2025-10-07T18:07:32-07:00,0,0
style.css,20,css,b70ff00e,j2doan,2025-10-07,18:07:32,-07:00,2025-10-07T18:07:32-07:00,0,3
style.css,21,css,6016550c,j2doan,2025-10-15,18:39:34,-07:00,2025-10-15T18:39:34-07:00,1,39
style.css,22,css,6016550c,j2doan,2025-10-15,18:39:34,-07:00,2025-10-15T18:39:34-07:00,1,39
style.css,23,css,b70ff00e,j2doan,2025-10-07,18:07:32,-07:00,2025-10-07T18:07:32-07:00,1,12
style.css,24,css,b70ff00e,j2doan,2025-10-07,18:07:32,-07:00,2025-10-07T18:07:32-07:00,1,19
style.css,25,css,b70ff00e,j2doan,2025-10-07,18:07:32,-07:00,2025-10-07T18:07:32-07:00,1,41
style.css,26,css,b70ff00e,j2doan,2025-10-07,18:07:32,-07:00,2025-10-07T18:07:32-07:00,0,0
style.css,27,css,b70ff00e,j2doan,2025-10-07,18:07:32,-07:00,2025-10-07T18:07:32-07:00,0,5
style.css,28,css,b70ff00e,j2doan,2025-10-07,18:07:32,-07:00,2025-10-07T18:07:32-07:00,1,6
style.css,29,css,b70ff00e,j2doan,2025-10-07,18:07:32,-07:00,2025-10-07T18:07:32-07:00,1,20
style.css,30,css,b70ff00e,j2doan,2025-10-07,18:07:32,-07:00,2025-10-07T18:07:32-07:00,1,13
style.css,31,css,b70ff00e,j2doan,2025-10-07,18:07:32,-07:00,2025-10-07T18:07:32-07:00,1,17
style.css,32,css,b70ff00e,j2doan,2025-10-07,18:07:32,-07:00,2025-10-07T18:07:32-07:00,1,13
style.css,33,css,b70ff00e,j2doan,2025-10-07,18:07:32,-07:00,2025-10-07T18:07:32-07:00,0,0
style.css,34,css,b70ff00e,j2doan,2025-10-07,18:07:32,-07:00,2025-10-07T18:07:32-07:00,0,13
style.css,35,css,b70ff00e,j2doan,2025-10-07,18:07:32,-07:00,2025-10-07T18:07:32-07:00,1,43
style.css,36,css,ff1a098f,j2doan,2025-10-07,18:17:51,-07:00,2025-10-07T18:17:51-07:00,1,16
style.css,37,css,ff1a098f,j2doan,2025-10-07,18:17:51,-07:00,2025-10-07T18:17:51-07:00,0,0
style.css,38,css,c7685b5a,j2doan,2025-10-07,18:22:04,-07:00,2025-10-07T18:22:04-07:00,0,11
style.css,39,css,ff1a098f,j2doan,2025-10-07,18:17:51,-07:00,2025-10-07T18:17:51-07:00,1,45
style.css,40,css,6016550c,j2doan,2025-10-15,18:39:34,-07:00,2025-10-15T18:39:34-07:00,1,69
style.css,41,css,60a04e4c,j2doan,2025-10-08,00:49:09,-07:00,2025-10-08T00:49:09-07:00,0,0
style.css,42,css,60a04e4c,j2doan,2025-10-08,00:49:09,-07:00,2025-10-08T00:49:09-07:00,0,4
style.css,43,css,60a04e4c,j2doan,2025-10-08,00:49:09,-07:00,2025-10-08T00:49:09-07:00,0,7
style.css,44,css,60a04e4c,j2doan,2025-10-08,00:49:09,-07:00,2025-10-08T00:49:09-07:00,0,6
style.css,45,css,60a04e4c,j2doan,2025-10-08,00:49:09,-07:00,2025-10-08T00:49:09-07:00,1,12
style.css,46,css,60a04e4c,j2doan,2025-10-08,00:49:09,-07:00,2025-10-08T00:49:09-07:00,0,0
style.css,47,css,60a04e4c,j2doan,2025-10-08,00:49:09,-07:00,2025-10-08T00:49:09-07:00,0,4
style.css,48,css,60a04e4c,j2doan,2025-10-08,00:49:09,-07:00,2025-10-08T00:49:09-07:00,1,12
style.css,49,css,60a04e4c,j2doan,2025-10-08,00:49:09,-07:00,2025-10-08T00:49:09-07:00,1,30
style.css,50,css,60a04e4c,j2doan,2025-10-08,00:49:09,-07:00,2025-10-08T00:49:09-07:00,0,0
style.css,51,css,60a04e4c,j2doan,2025-10-08,00:49:09,-07:00,2025-10-08T00:49:09-07:00,0,10
style.css,52,css,60a04e4c,j2doan,2025-10-08,00:49:09,-07:00,2025-10-08T00:49:09-07:00,1,12
style.css,53,css,60a04e4c,j2doan,2025-10-08,00:49:09,-07:00,2025-10-08T00:49:09-07:00,1,29
style.css,54,css,60a04e4c,j2doan,2025-10-08,00:49:09,-07:00,2025-10-08T00:49:09-07:00,1,18
style.css,55,css,60a04e4c,j2doan,2025-10-08,00:49:09,-07:00,2025-10-08T00:49:09-07:00,1,7
style.css,56,css,60a04e4c,j2doan,2025-10-08,00:49:09,-07:00,2025-10-08T00:49:09-07:00,1,18
style.css,57,css,60a04e4c,j2doan,2025-10-08,00:49:09,-07:00,2025-10-08T00:49:09-07:00,0,0
style.css,58,css,60a04e4c,j2doan,2025-10-08,00:49:09,-07:00,2025-10-08T00:49:09-07:00,0,11
style.css,59,css,60a04e4c,j2doan,2025-10-08,00:49:09,-07:00,2025-10-08T00:49:09-07:00,1,18
style.css,60,css,60a04e4c,j2doan,2025-10-08,00:49:09,-07:00,2025-10-08T00:49:09-07:00,1,18
style.css,61,css,ddcd3f95,j2doan,2025-09-30,19:20:42,-07:00,2025-09-30T19:20:42-07:00,0,0
style.css,62,css,052dd03c,j2doan,2025-10-08,01:05:41,-07:00,2025-10-08T01:05:41-07:00,0,9
style.css,63,css,052dd03c,j2doan,2025-10-08,01:05:41,-07:00,2025-10-08T01:05:41-07:00,1,12
style.css,64,css,052dd03c,j2doan,2025-10-08,01:05:41,-07:00,2025-10-08T01:05:41-07:00,1,58
style.css,65,css,052dd03c,j2doan,2025-10-08,01:05:41,-07:00,2025-10-08T01:05:41-07:00,1,7
style.css,66,css,052dd03c,j2doan,2025-10-08,01:05:41,-07:00,2025-10-08T01:05:41-07:00,0,0
style.css,67,css,052dd03c,j2doan,2025-10-08,01:05:41,-07:00,2025-10-08T01:05:41-07:00,0,17
style.css,68,css,052dd03c,j2doan,2025-10-08,01:05:41,-07:00,2025-10-08T01:05:41-07:00,1,26
style.css,69,css,052dd03c,j2doan,2025-10-08,01:05:41,-07:00,2025-10-08T01:05:41-07:00,1,15
style.css,70,css,052dd03c,j2doan,2025-10-08,01:05:41,-07:00,2025-10-08T01:05:41-07:00,0,0
style.css,71,css,052dd03c,j2doan,2025-10-08,01:05:41,-07:00,2025-10-08T01:05:41-07:00,0,20
style.css,72,css,052dd03c,j2doan,2025-10-08,01:05:41,-07:00,2025-10-08T01:05:41-07:00,1,8
style.css,73,css,052dd03c,j2doan,2025-10-08,01:05:41,-07:00,2025-10-08T01:05:41-07:00,0,0
style.css,74,css,052dd03c,j2doan,2025-10-08,01:05:41,-07:00,2025-10-08T01:05:41-07:00,0,2
style.css,75,css,052dd03c,j2doan,2025-10-08,01:05:41,-07:00,2025-10-08T01:05:41-07:00,1,14
style.css,76,css,052dd03c,j2doan,2025-10-08,01:05:41,-07:00,2025-10-08T01:05:41-07:00,0,0
style.css,77,css,052dd03c,j2doan,2025-10-08,01:05:41,-07:00,2025-10-08T01:05:41-07:00,0,22
style.css,78,css,052dd03c,j2doan,2025-10-08,01:05:41,-07:00,2025-10-08T01:05:41-07:00,1,15
style.css,79,css,052dd03c,j2doan,2025-10-08,01:05:41,-07:00,2025-10-08T01:05:41-07:00,1,17
style.css,80,css,38fc3c89,j2doan,2025-10-08,15:43:22,-07:00,2025-10-08T15:43:22-07:00,0,0
style.css,81,css,38fc3c89,j2doan,2025-10-08,15:43:22,-07:00,2025-10-08T15:43:22-07:00,0,0
style.css,82,css,38fc3c89,j2doan,2025-10-08,15:43:22,-07:00,2025-10-08T15:43:22-07:00,0,7
style.css,83,css,38fc3c89,j2doan,2025-10-08,15:43:22,-07:00,2025-10-08T15:43:22-07:00,1,12
style.css,84,css,38fc3c89,j2doan,2025-10-08,15:43:22,-07:00,2025-10-08T15:43:22-07:00,1,7
style.css,85,css,38fc3c89,j2doan,2025-10-08,15:43:22,-07:00,2025-10-08T15:43:22-07:00,1,14
style.css,86,css,38fc3c89,j2doan,2025-10-08,15:43:22,-07:00,2025-10-08T15:43:22-07:00,1,17
style.css,87,css,38fc3c89,j2doan,2025-10-08,15:43:22,-07:00,2025-10-08T15:43:22-07:00,0,0
style.css,88,css,38fc3c89,j2doan,2025-10-08,15:43:22,-07:00,2025-10-08T15:43:22-07:00,0,14
style.css,89,css,35a831d5,j2doan,2025-10-21,00:03:11,-07:00,2025-10-21T00:03:11-07:00,1,42
style.css,90,css,38fc3c89,j2doan,2025-10-08,15:43:22,-07:00,2025-10-08T15:43:22-07:00,1,21
style.css,91,css,38fc3c89,j2doan,2025-10-08,15:43:22,-07:00,2025-10-08T15:43:22-07:00,1,26
style.css,92,css,38fc3c89,j2doan,2025-10-08,15:43:22,-07:00,2025-10-08T15:43:22-07:00,1,27
style.css,93,css,38fc3c89,j2doan,2025-10-08,15:43:22,-07:00,2025-10-08T15:43:22-07:00,1,11
style.css,94,css,38fc3c89,j2doan,2025-10-08,15:43:22,-07:00,2025-10-08T15:43:22-07:00,1,11
style.css,95,css,38fc3c89,j2doan,2025-10-08,15:43:22,-07:00,2025-10-08T15:43:22-07:00,1,17
style.css,96,css,38fc3c89,j2doan,2025-10-08,15:43:22,-07:00,2025-10-08T15:43:22-07:00,1,8
style.css,97,css,38fc3c89,j2doan,2025-10-08,15:43:22,-07:00,2025-10-08T15:43:22-07:00,1,9
style.css,98,css,38fc3c89,j2doan,2025-10-08,15:43:22,-07:00,2025-10-08T15:43:22-07:00,1,17
style.css,99,css,38fc3c89,j2doan,2025-10-08,15:43:22,-07:00,2025-10-08T15:43:22-07:00,1,18
style.css,100,css,d2a5be9f,j2doan,2025-10-08,16:01:15,-07:00,2025-10-08T16:01:15-07:00,1,15
style.css,101,css,d2a5be9f,j2doan,2025-10-08,16:01:15,-07:00,2025-10-08T16:01:15-07:00,1,47
style.css,102,css,38fc3c89,j2doan,2025-10-08,15:43:22,-07:00,2025-10-08T15:43:22-07:00,1,15
style.css,103,css,38fc3c89,j2doan,2025-10-08,15:43:22,-07:00,2025-10-08T15:43:22-07:00,1,18
style.css,104,css,d2a5be9f,j2doan,2025-10-08,16:01:15,-07:00,2025-10-08T16:01:15-07:00,1,21
style.css,105,css,38fc3c89,j2doan,2025-10-08,15:43:22,-07:00,2025-10-08T15:43:22-07:00,0,0
style.css,106,css,38fc3c89,j2doan,2025-10-08,15:43:22,-07:00,2025-10-08T15:43:22-07:00,0,17
style.css,107,css,38fc3c89,j2doan,2025-10-08,15:43:22,-07:00,2025-10-08T15:43:22-07:00,1,11
style.css,108,css,38fc3c89,j2doan,2025-10-08,15:43:22,-07:00,2025-10-08T15:43:22-07:00,1,13
style.css,109,css,38fc3c89,j2doan,2025-10-08,15:43:22,-07:00,2025-10-08T15:43:22-07:00,1,18
style.css,110,css,38fc3c89,j2doan,2025-10-08,15:43:22,-07:00,2025-10-08T15:43:22-07:00,0,0
style.css,111,css,38fc3c89,j2doan,2025-10-08,15:43:22,-07:00,2025-10-08T15:43:22-07:00,0,16
style.css,112,css,38fc3c89,j2doan,2025-10-08,15:43:22,-07:00,2025-10-08T15:43:22-07:00,1,11
style.css,113,css,d2a5be9f,j2doan,2025-10-08,16:01:15,-07:00,2025-10-08T16:01:15-07:00,1,12
style.css,114,css,d2a5be9f,j2doan,2025-10-08,16:01:15,-07:00,2025-10-08T16:01:15-07:00,1,14
style.css,115,css,d2a5be9f,j2doan,2025-10-08,16:01:15,-07:00,2025-10-08T16:01:15-07:00,1,9
style.css,116,css,d2a5be9f,j2doan,2025-10-08,16:01:15,-07:00,2025-10-08T16:01:15-07:00,1,18
style.css,117,css,38fc3c89,j2doan,2025-10-08,15:43:22,-07:00,2025-10-08T15:43:22-07:00,1,15
style.css,118,css,d2a5be9f,j2doan,2025-10-08,16:01:15,-07:00,2025-10-08T16:01:15-07:00,1,8
style.css,119,css,d2a5be9f,j2doan,2025-10-08,16:01:15,-07:00,2025-10-08T16:01:15-07:00,1,18
style.css,120,css,38fc3c89,j2doan,2025-10-08,15:43:22,-07:00,2025-10-08T15:43:22-07:00,0,0
style.css,121,css,38fc3c89,j2doan,2025-10-08,15:43:22,-07:00,2025-10-08T15:43:22-07:00,0,16
style.css,122,css,38fc3c89,j2doan,2025-10-08,15:43:22,-07:00,2025-10-08T15:43:22-07:00,1,24
style.css,123,css,38fc3c89,j2doan,2025-10-08,15:43:22,-07:00,2025-10-08T15:43:22-07:00,1,20
style.css,124,css,38fc3c89,j2doan,2025-10-08,15:43:22,-07:00,2025-10-08T15:43:22-07:00,0,0
style.css,125,css,38fc3c89,j2doan,2025-10-08,15:43:22,-07:00,2025-10-08T15:43:22-07:00,0,22
style.css,126,css,38fc3c89,j2doan,2025-10-08,15:43:22,-07:00,2025-10-08T15:43:22-07:00,1,11
style.css,127,css,38fc3c89,j2doan,2025-10-08,15:43:22,-07:00,2025-10-08T15:43:22-07:00,1,25
style.css,128,css,38fc3c89,j2doan,2025-10-08,15:43:22,-07:00,2025-10-08T15:43:22-07:00,0,0
style.css,129,css,38fc3c89,j2doan,2025-10-08,15:43:22,-07:00,2025-10-08T15:43:22-07:00,0,10
style.css,130,css,38fc3c89,j2doan,2025-10-08,15:43:22,-07:00,2025-10-08T15:43:22-07:00,1,25
style.css,131,css,38fc3c89,j2doan,2025-10-08,15:43:22,-07:00,2025-10-08T15:43:22-07:00,1,17
style.css,132,css,38fc3c89,j2doan,2025-10-08,15:43:22,-07:00,2025-10-08T15:43:22-07:00,1,14
style.css,133,css,38fc3c89,j2doan,2025-10-08,15:43:22,-07:00,2025-10-08T15:43:22-07:00,1,24
style.css,134,css,38fc3c89,j2doan,2025-10-08,15:43:22,-07:00,2025-10-08T15:43:22-07:00,1,22
style.css,135,css,38fc3c89,j2doan,2025-10-08,15:43:22,-07:00,2025-10-08T15:43:22-07:00,1,15
style.css,136,css,38fc3c89,j2doan,2025-10-08,15:43:22,-07:00,2025-10-08T15:43:22-07:00,1,43
style.css,137,css,38fc3c89,j2doan,2025-10-08,15:43:22,-07:00,2025-10-08T15:43:22-07:00,1,20
style.css,138,css,38fc3c89,j2doan,2025-10-08,15:43:22,-07:00,2025-10-08T15:43:22-07:00,0,0
style.css,139,css,38fc3c89,j2doan,2025-10-08,15:43:22,-07:00,2025-10-08T15:43:22-07:00,0,10
style.css,140,css,38fc3c89,j2doan,2025-10-08,15:43:22,-07:00,2025-10-08T15:43:22-07:00,1,15
style.css,141,css,38fc3c89,j2doan,2025-10-08,15:43:22,-07:00,2025-10-08T15:43:22-07:00,1,24
style.css,142,css,38fc3c89,j2doan,2025-10-08,15:43:22,-07:00,2025-10-08T15:43:22-07:00,1,14
style.css,143,css,38fc3c89,j2doan,2025-10-08,15:43:22,-07:00,2025-10-08T15:43:22-07:00,1,20
style.css,144,css,38fc3c89,j2doan,2025-10-08,15:43:22,-07:00,2025-10-08T15:43:22-07:00,0,0
style.css,145,css,38fc3c89,j2doan,2025-10-08,15:43:22,-07:00,2025-10-08T15:43:22-07:00,0,10
style.css,146,css,38fc3c89,j2doan,2025-10-08,15:43:22,-07:00,2025-10-08T15:43:22-07:00,1,18
style.css,147,css,38fc3c89,j2doan,2025-10-08,15:43:22,-07:00,2025-10-08T15:43:22-07:00,1,22
style.css,148,css,38fc3c89,j2doan,2025-10-08,15:43:22,-07:00,2025-10-08T15:43:22-07:00,1,15
style.css,149,css,38fc3c89,j2doan,2025-10-08,15:43:22,-07:00,2025-10-08T15:43:22-07:00,0,0
style.css,150,css,38fc3c89,j2doan,2025-10-08,15:43:22,-07:00,2025-10-08T15:43:22-07:00,0,9
style.css,151,css,38fc3c89,j2doan,2025-10-08,15:43:22,-07:00,2025-10-08T15:43:22-07:00,1,24
style.css,152,css,38fc3c89,j2doan,2025-10-08,15:43:22,-07:00,2025-10-08T15:43:22-07:00,1,20
style.css,153,css,38fc3c89,j2doan,2025-10-08,15:43:22,-07:00,2025-10-08T15:43:22-07:00,0,0
style.css,154,css,38fc3c89,j2doan,2025-10-08,15:43:22,-07:00,2025-10-08T15:43:22-07:00,0,15
style.css,155,css,38fc3c89,j2doan,2025-10-08,15:43:22,-07:00,2025-10-08T15:43:22-07:00,1,25
style.css,156,css,38fc3c89,j2doan,2025-10-08,15:43:22,-07:00,2025-10-08T15:43:22-07:00,1,25
style.css,157,css,38fc3c89,j2doan,2025-10-08,15:43:22,-07:00,2025-10-08T15:43:22-07:00,0,0
style.css,158,css,38fc3c89,j2doan,2025-10-08,15:43:22,-07:00,2025-10-08T15:43:22-07:00,0,15
style.css,159,css,c7d65d13,j2doan,2025-10-15,19:11:05,-07:00,2025-10-15T19:11:05-07:00,1,24
style.css,160,css,596ff13a,j2doan,2025-10-15,18:53:46,-07:00,2025-10-15T18:53:46-07:00,0,0
style.css,161,css,596ff13a,j2doan,2025-10-15,18:53:46,-07:00,2025-10-15T18:53:46-07:00,0,13
style.css,162,css,596ff13a,j2doan,2025-10-15,18:53:46,-07:00,2025-10-15T18:53:46-07:00,1,17
style.css,163,css,596ff13a,j2doan,2025-10-15,18:53:46,-07:00,2025-10-15T18:53:46-07:00,1,8
style.css,164,css,596ff13a,j2doan,2025-10-15,18:53:46,-07:00,2025-10-15T18:53:46-07:00,1,10
style.css,165,css,596ff13a,j2doan,2025-10-15,18:53:46,-07:00,2025-10-15T18:53:46-07:00,1,13
style.css,166,css,596ff13a,j2doan,2025-10-15,18:53:46,-07:00,2025-10-15T18:53:46-07:00,1,19
style.css,167,css,596ff13a,j2doan,2025-10-15,18:53:46,-07:00,2025-10-15T18:53:46-07:00,0,0
style.css,168,css,eb7e11fd,j2doan,2025-10-24,21:14:36,-07:00,2025-10-24T21:14:36-07:00,0,0
style.css,169,css,47033448,j2doan,2025-10-24,20:41:30,-07:00,2025-10-24T20:41:30-07:00,0,13
style.css,170,css,47033448,j2doan,2025-10-24,20:41:30,-07:00,2025-10-24T20:41:30-07:00,1,10
style.css,171,css,47033448,j2doan,2025-10-24,20:41:30,-07:00,2025-10-24T20:41:30-07:00,1,12
style.css,172,css,47033448,j2doan,2025-10-24,20:41:30,-07:00,2025-10-24T20:41:30-07:00,1,16
style.css,173,css,47033448,j2doan,2025-10-24,20:41:30,-07:00,2025-10-24T20:41:30-07:00,1,17
style.css,174,css,47033448,j2doan,2025-10-24,20:41:30,-07:00,2025-10-24T20:41:30-07:00,1,18
style.css,175,css,eb7e11fd,j2doan,2025-10-24,21:14:36,-07:00,2025-10-24T21:14:36-07:00,0,0
style.css,176,css,eb7e11fd,j2doan,2025-10-24,21:14:36,-07:00,2025-10-24T21:14:36-07:00,0,26
style.css,177,css,eb7e11fd,j2doan,2025-10-24,21:14:36,-07:00,2025-10-24T21:14:36-07:00,1,18
style.css,178,css,eb7e11fd,j2doan,2025-10-24,21:14:36,-07:00,2025-10-24T21:14:36-07:00,0,0
style.css,179,css,eb7e11fd,j2doan,2025-10-24,21:14:36,-07:00,2025-10-24T21:14:36-07:00,0,0
style.css,180,css,eb7e11fd,j2doan,2025-10-24,21:14:36,-07:00,2025-10-24T21:14:36-07:00,0,14
style.css,181,css,eb7e11fd,j2doan,2025-10-24,21:14:36,-07:00,2025-10-24T21:14:36-07:00,1,16
style.css,182,css,eb7e11fd,j2doan,2025-10-24,21:14:36,-07:00,2025-10-24T21:14:36-07:00,1,15
style.css,183,css,eb7e11fd,j2doan,2025-10-24,21:14:36,-07:00,2025-10-24T21:14:36-07:00,1,24
style.css,184,css,eb7e11fd,j2doan,2025-10-24,21:14:36,-07:00,2025-10-24T21:14:36-07:00,1,18
style.css,185,css,eb7e11fd,j2doan,2025-10-24,21:14:36,-07:00,2025-10-24T21:14:36-07:00,1,19
style.css,186,css,eb7e11fd,j2doan,2025-10-24,21:14:36,-07:00,2025-10-24T21:14:36-07:00,0,0
style.css,187,css,eb7e11fd,j2doan,2025-10-24,21:14:36,-07:00,2025-10-24T21:14:36-07:00,0,0
style.css,188,css,eb7e11fd,j2doan,2025-10-24,21:14:36,-07:00,2025-10-24T21:14:36-07:00,0,17
style.css,189,css,eb7e11fd,j2doan,2025-10-24,21:14:36,-07:00,2025-10-24T21:14:36-07:00,1,12
style.css,190,css,eb7e11fd,j2doan,2025-10-24,21:14:36,-07:00,2025-10-24T21:14:36-07:00,1,36
style.css,191,css,eb7e11fd,j2doan,2025-10-24,21:14:36,-07:00,2025-10-24T21:14:36-07:00,1,17
style.css,192,css,eb7e11fd,j2doan,2025-10-24,21:14:36,-07:00,2025-10-24T21:14:36-07:00,1,10
style.css,193,css,eb7e11fd,j2doan,2025-10-24,21:14:36,-07:00,2025-10-24T21:14:36-07:00,0,0
style.css,194,css,eb7e11fd,j2doan,2025-10-24,21:14:36,-07:00,2025-10-24T21:14:36-07:00,0,0
style.css,195,css,eb7e11fd,j2doan,2025-10-24,21:14:36,-07:00,2025-10-24T21:14:36-07:00,0,17
style.css,196,css,eb7e11fd,j2doan,2025-10-24,21:14:36,-07:00,2025-10-24T21:14:36-07:00,1,16
style.css,197,css,eb7e11fd,j2doan,2025-10-24,21:14:36,-07:00,2025-10-24T21:14:36-07:00,1,10
style.css,198,css,eb7e11fd,j2doan,2025-10-24,21:14:36,-07:00,2025-10-24T21:14:36-07:00,1,10
style.css,199,css,eb7e11fd,j2doan,2025-10-24,21:14:36,-07:00,2025-10-24T21:14:36-07:00,0,0
style.css,200,css,eb7e11fd,j2doan,2025-10-24,21:14:36,-07:00,2025-10-24T21:14:36-07:00,0,0
style.css,201,css,eb7e11fd,j2doan,2025-10-24,21:14:36,-07:00,2025-10-24T21:14:36-07:00,0,17
style.css,202,css,eb7e11fd,j2doan,2025-10-24,21:14:36,-07:00,2025-10-24T21:14:36-07:00,1,8
style.css,203,css,eb7e11fd,j2doan,2025-10-24,21:14:36,-07:00,2025-10-24T21:14:36-07:00,1,16
style.css,204,css,eb7e11fd,j2doan,2025-10-24,21:14:36,-07:00,2025-10-24T21:14:36-07:00,1,24
style.css,205,css,eb7e11fd,j2doan,2025-10-24,21:14:36,-07:00,2025-10-24T21:14:36-07:00,1,10
style.css,206,css,eb7e11fd,j2doan,2025-10-24,21:14:36,-07:00,2025-10-24T21:14:36-07:00,0,0
style.css,207,css,eb7e11fd,j2doan,2025-10-24,21:14:36,-07:00,2025-10-24T21:14:36-07:00,0,0
style.css,208,css,3ccc75cf,j2doan,2025-10-31,17:17:16,-07:00,2025-10-31T17:17:16-07:00,0,13
style.css,209,css,3ccc75cf,j2doan,2025-10-31,17:17:16,-07:00,2025-10-31T17:17:16-07:00,2,30
style.css,210,css,3ccc75cf,j2doan,2025-10-31,17:17:16,-07:00,2025-10-31T17:17:16-07:00,2,34
style.css,211,css,3ccc75cf,j2doan,2025-10-31,17:17:16,-07:00,2025-10-31T17:17:16-07:00,2,10
style.css,212,css,3ccc75cf,j2doan,2025-10-31,17:17:16,-07:00,2025-10-31T17:17:16-07:00,0,0
style.css,213,css,3ccc75cf,j2doan,2025-10-31,17:17:16,-07:00,2025-10-31T17:17:16-07:00,0,0
style.css,214,css,3ccc75cf,j2doan,2025-10-31,17:17:16,-07:00,2025-10-31T17:17:16-07:00,0,18
style.css,215,css,3ccc75cf,j2doan,2025-10-31,17:17:16,-07:00,2025-10-31T17:17:16-07:00,1,14
style.css,216,css,3ccc75cf,j2doan,2025-10-31,17:17:16,-07:00,2025-10-31T17:17:16-07:00,1,16
style.css,217,css,3ccc75cf,j2doan,2025-10-31,17:17:16,-07:00,2025-10-31T17:17:16-07:00,0,0
style.css,218,css,3ccc75cf,j2doan,2025-10-31,17:17:16,-07:00,2025-10-31T17:17:16-07:00,1,16
style.css,219,css,3ccc75cf,j2doan,2025-10-31,17:17:16,-07:00,2025-10-31T17:17:16-07:00,0,0
style.css,220,css,3ccc75cf,j2doan,2025-10-31,17:17:16,-07:00,2025-10-31T17:17:16-07:00,0,0
style.css,221,css,3ccc75cf,j2doan,2025-10-31,17:17:16,-07:00,2025-10-31T17:17:16-07:00,0,0
style.css,222,css,3ccc75cf,j2doan,2025-10-31,17:17:16,-07:00,2025-10-31T17:17:16-07:00,0,0
style.css,223,css,3ccc75cf,j2doan,2025-10-31,17:17:16,-07:00,2025-10-31T17:17:16-07:00,0,0
style.css,224,css,3ccc75cf,j2doan,2025-10-31,17:17:16,-07:00,2025-10-31T17:17:16-07:00,0,7
style.css,225,css,3ccc75cf,j2doan,2025-10-31,17:17:16,-07:00,2025-10-31T17:17:16-07:00,1,12
style.css,226,css,3ccc75cf,j2doan,2025-10-31,17:17:16,-07:00,2025-10-31T17:17:16-07:00,1,57
style.css,227,css,3ccc75cf,j2doan,2025-10-31,17:17:16,-07:00,2025-10-31T17:17:16-07:00,1,7
style.css,228,css,3ccc75cf,j2doan,2025-10-31,17:17:16,-07:00,2025-10-31T17:17:16-07:00,1,21
style.css,229,css,3ccc75cf,j2doan,2025-10-31,17:17:16,-07:00,2025-10-31T17:17:16-07:00,1,11
style.css,230,css,3ccc75cf,j2doan,2025-10-31,17:17:16,-07:00,2025-10-31T17:17:16-07:00,1,16
style.css,231,css,3ccc75cf,j2doan,2025-10-31,17:17:16,-07:00,2025-10-31T17:17:16-07:00,1,18
style.css,232,css,3ccc75cf,j2doan,2025-10-31,17:17:16,-07:00,2025-10-31T17:17:16-07:00,1,17
style.css,233,css,3ccc75cf,j2doan,2025-10-31,17:17:16,-07:00,2025-10-31T17:17:16-07:00,0,0
style.css,234,css,3ccc75cf,j2doan,2025-10-31,17:17:16,-07:00,2025-10-31T17:17:16-07:00,0,12
style.css,235,css,3ccc75cf,j2doan,2025-10-31,17:17:16,-07:00,2025-10-31T17:17:16-07:00,1,12
style.css,236,css,3ccc75cf,j2doan,2025-10-31,17:17:16,-07:00,2025-10-31T17:17:16-07:00,1,18
style.css,237,css,3ccc75cf,j2doan,2025-10-31,17:17:16,-07:00,2025-10-31T17:17:16-07:00,1,9
style.css,238,css,3ccc75cf,j2doan,2025-10-31,17:17:16,-07:00,2025-10-31T17:17:16-07:00,0,0
style.css,239,css,3ccc75cf,j2doan,2025-10-31,17:17:16,-07:00,2025-10-31T17:17:16-07:00,0,7
style.css,240,css,3ccc75cf,j2doan,2025-10-31,17:17:16,-07:00,2025-10-31T17:17:16-07:00,1,20
style.css,241,css,3ccc75cf,j2doan,2025-10-31,17:17:16,-07:00,2025-10-31T17:17:16-07:00,1,9
style.css,242,css,3ccc75cf,j2doan,2025-10-31,17:17:16,-07:00,2025-10-31T17:17:16-07:00,1,10
style.css,243,css,3ccc75cf,j2doan,2025-10-31,17:17:16,-07:00,2025-10-31T17:17:16-07:00,1,29
style.css,244,css,3ccc75cf,j2doan,2025-10-31,17:17:16,-07:00,2025-10-31T17:17:16-07:00,1,17
style.css,245,css,3ccc75cf,j2doan,2025-10-31,17:17:16,-07:00,2025-10-31T17:17:16-07:00,1,13
style.css,246,css,3ccc75cf,j2doan,2025-10-31,17:17:16,-07:00,2025-10-31T17:17:16-07:00,0,0
style.css,247,css,3ccc75cf,j2doan,2025-10-31,17:17:16,-07:00,2025-10-31T17:17:16-07:00,0,15
style.css,248,css,3ccc75cf,j2doan,2025-10-31,17:17:16,-07:00,2025-10-31T17:17:16-07:00,1,17
style.css,249,css,3ccc75cf,j2doan,2025-10-31,17:17:16,-07:00,2025-10-31T17:17:16-07:00,1,10
style.css,250,css,3ccc75cf,j2doan,2025-10-31,17:17:16,-07:00,2025-10-31T17:17:16-07:00,0,0
style.css,251,css,3ccc75cf,j2doan,2025-10-31,17:17:16,-07:00,2025-10-31T17:17:16-07:00,0,0
style.css,252,css,3ccc75cf,j2doan,2025-10-31,17:17:16,-07:00,2025-10-31T17:17:16-07:00,0,10
style.css,253,css,3ccc75cf,j2doan,2025-10-31,17:17:16,-07:00,2025-10-31T17:17:16-07:00,1,12
style.css,254,css,3ccc75cf,j2doan,2025-10-31,17:17:16,-07:00,2025-10-31T17:17:16-07:00,1,18
style.css,255,css,3ccc75cf,j2doan,2025-10-31,17:17:16,-07:00,2025-10-31T17:17:16-07:00,1,7
style.css,256,css,3ccc75cf,j2doan,2025-10-31,17:17:16,-07:00,2025-10-31T17:17:16-07:00,1,14
style.css,257,css,3ccc75cf,j2doan,2025-10-31,17:17:16,-07:00,2025-10-31T17:17:16-07:00,1,16
style.css,258,css,3ccc75cf,j2doan,2025-10-31,17:17:16,-07:00,2025-10-31T17:17:16-07:00,1,19
style.css,259,css,3ccc75cf,j2doan,2025-10-31,17:17:16,-07:00,2025-10-31T17:17:16-07:00,0,0
style.css,260,css,3ccc75cf,j2doan,2025-10-31,17:17:16,-07:00,2025-10-31T17:17:16-07:00,0,0
style.css,261,css,3ccc75cf,j2doan,2025-10-31,17:17:16,-07:00,2025-10-31T17:17:16-07:00,0,14
style.css,262,css,3ccc75cf,j2doan,2025-10-31,17:17:16,-07:00,2025-10-31T17:17:16-07:00,1,11
style.css,263,css,3ccc75cf,j2doan,2025-10-31,17:17:16,-07:00,2025-10-31T17:17:16-07:00,1,12
style.css,264,css,3ccc75cf,j2doan,2025-10-31,17:17:16,-07:00,2025-10-31T17:17:16-07:00,1,13
style.css,265,css,3ccc75cf,j2doan,2025-10-31,17:17:16,-07:00,2025-10-31T17:17:16-07:00,0,0
style.css,266,css,3ccc75cf,j2doan,2025-10-31,17:17:16,-07:00,2025-10-31T17:17:16-07:00,0,0
style.css,267,css,3ccc75cf,j2doan,2025-10-31,17:17:16,-07:00,2025-10-31T17:17:16-07:00,0,18
style.css,268,css,3ccc75cf,j2doan,2025-10-31,17:17:16,-07:00,2025-10-31T17:17:16-07:00,1,6
style.css,269,css,3ccc75cf,j2doan,2025-10-31,17:17:16,-07:00,2025-10-31T17:17:16-07:00,1,8
style.css,270,css,3ccc75cf,j2doan,2025-10-31,17:17:16,-07:00,2025-10-31T17:17:16-07:00,1,11
style.css,271,css,3ccc75cf,j2doan,2025-10-31,17:17:16,-07:00,2025-10-31T17:17:16-07:00,1,15
style.css,272,css,3ccc75cf,j2doan,2025-10-31,17:17:16,-07:00,2025-10-31T17:17:16-07:00,0,0
style.css,273,css,3ccc75cf,j2doan,2025-10-31,17:17:16,-07:00,2025-10-31T17:17:16-07:00,0,0
style.css,274,css,3ccc75cf,j2doan,2025-10-31,17:17:16,-07:00,2025-10-31T17:17:16-07:00,0,10
style.css,275,css,3ccc75cf,j2doan,2025-10-31,17:17:16,-07:00,2025-10-31T17:17:16-07:00,1,10
style.css,276,css,3ccc75cf,j2doan,2025-10-31,17:17:16,-07:00,2025-10-31T17:17:16-07:00,1,17
style.css,277,css,3ccc75cf,j2doan,2025-10-31,17:17:16,-07:00,2025-10-31T17:17:16-07:00,1,17
style.css,278,css,3ccc75cf,j2doan,2025-10-31,17:17:16,-07:00,2025-10-31T17:17:16-07:00,1,21
style.css,279,css,3ccc75cf,j2doan,2025-10-31,17:17:16,-07:00,2025-10-31T17:17:16-07:00,1,21
style.css,280,css,3ccc75cf,j2doan,2025-10-31,17:17:16,-07:00,2025-10-31T17:17:16-07:00,1,17
style.css,281,css,3ccc75cf,j2doan,2025-10-31,17:17:16,-07:00,2025-10-31T17:17:16-07:00,1,13
style.css,282,css,3ccc75cf,j2doan,2025-10-31,17:17:16,-07:00,2025-10-31T17:17:16-07:00,0,0
style.css,283,css,3ccc75cf,j2doan,2025-10-31,17:17:16,-07:00,2025-10-31T17:17:16-07:00,0,0
style.css,284,css,3ccc75cf,j2doan,2025-10-31,17:17:16,-07:00,2025-10-31T17:17:16-07:00,0,17
style.css,285,css,3ccc75cf,j2doan,2025-10-31,17:17:16,-07:00,2025-10-31T17:17:16-07:00,1,16
style.css,286,css,3ccc75cf,j2doan,2025-10-31,17:17:16,-07:00,2025-10-31T17:17:16-07:00,2,11
style.css,287,css,3ccc75cf,j2doan,2025-10-31,17:17:16,-07:00,2025-10-31T17:17:16-07:00,1,0
style.css,288,css,3ccc75cf,j2doan,2025-10-31,17:17:16,-07:00,2025-10-31T17:17:16-07:00,0,0
style.css,289,css,3ccc75cf,j2doan,2025-10-31,17:17:16,-07:00,2025-10-31T17:17:16-07:00,0,0
style.css,290,css,3ccc75cf,j2doan,2025-10-31,17:17:16,-07:00,2025-10-31T17:17:16-07:00,0,4
style.css,291,css,3ccc75cf,j2doan,2025-10-31,17:17:16,-07:00,2025-10-31T17:17:16-07:00,1,16
style.css,292,css,3ccc75cf,j2doan,2025-10-31,17:17:16,-07:00,2025-10-31T17:17:16-07:00,1,14
style.css,293,css,3ccc75cf,j2doan,2025-10-31,17:17:16,-07:00,2025-10-31T17:17:16-07:00,0,0
style.css,294,css,3ccc75cf,j2doan,2025-10-31,17:17:16,-07:00,2025-10-31T17:17:16-07:00,0,0
style.css,295,css,3ccc75cf,j2doan,2025-10-31,17:17:16,-07:00,2025-10-31T17:17:16-07:00,0,9
style.css,296,css,3ccc75cf,j2doan,2025-10-31,17:17:16,-07:00,2025-10-31T17:17:16-07:00,1,35
style.css,297,css,3ccc75cf,j2doan,2025-10-31,17:17:16,-07:00,2025-10-31T17:17:16-07:00,0,0
style.css,298,css,3ccc75cf,j2doan,2025-10-31,17:17:16,-07:00,2025-10-31T17:17:16-07:00,1,10
style.css,299,css,3ccc75cf,j2doan,2025-10-31,17:17:16,-07:00,2025-10-31T17:17:16-07:00,2,17
style.css,300,css,3ccc75cf,j2doan,2025-10-31,17:17:16,-07:00,2025-10-31T17:17:16-07:00,1,0
style.css,301,css,3ccc75cf,j2doan,2025-10-31,17:17:16,-07:00,2025-10-31T17:17:16-07:00,0,0
style.css,302,css,3ccc75cf,j2doan,2025-10-31,17:17:16,-07:00,2025-10-31T17:17:16-07:00,0,0
style.css,303,css,3ccc75cf,j2doan,2025-10-31,17:17:16,-07:00,2025-10-31T17:17:16-07:00,0,0
style.css,304,css,3ccc75cf,j2doan,2025-10-31,17:17:16,-07:00,2025-10-31T17:17:16-07:00,0,0
style.css,305,css,3ccc75cf,j2doan,2025-10-31,17:17:16,-07:00,2025-10-31T17:17:16-07:00,0,0
style.css,306,css,3ccc75cf,j2doan,2025-10-31,17:17:16,-07:00,2025-10-31T17:17:16-07:00,0,0
style.css,307,css,eb7e11fd,j2doan,2025-10-24,21:14:36,-07:00,2025-10-24T21:14:36-07:00,0,35
style.css,308,css,eb7e11fd,j2doan,2025-10-24,21:14:36,-07:00,2025-10-24T21:14:36-07:00,1,15
style.css,309,css,eb7e11fd,j2doan,2025-10-24,21:14:36,-07:00,2025-10-24T21:14:36-07:00,2,25
style.css,310,css,eb7e11fd,j2doan,2025-10-24,21:14:36,-07:00,2025-10-24T21:14:36-07:00,1,0
style.css,311,css,eb7e11fd,j2doan,2025-10-24,21:14:36,-07:00,2025-10-24T21:14:36-07:00,1,14
style.css,312,css,eb7e11fd,j2doan,2025-10-24,21:14:36,-07:00,2025-10-24T21:14:36-07:00,2,24
style.css,313,css,eb7e11fd,j2doan,2025-10-24,21:14:36,-07:00,2025-10-24T21:14:36-07:00,1,0
style.css,314,css,eb7e11fd,j2doan,2025-10-24,21:14:36,-07:00,2025-10-24T21:14:36-07:00,0,0
style.css,315,css,eb7e11fd,j2doan,2025-10-24,21:14:36,-07:00,2025-10-24T21:14:36-07:00,1,17
style.css,316,css,eb7e11fd,j2doan,2025-10-24,21:14:36,-07:00,2025-10-24T21:14:36-07:00,2,13
style.css,317,css,eb7e11fd,j2doan,2025-10-24,21:14:36,-07:00,2025-10-24T21:14:36-07:00,1,0
style.css,318,css,eb7e11fd,j2doan,2025-10-24,21:14:36,-07:00,2025-10-24T21:14:36-07:00,0,0
style.css,319,css,eb7e11fd,j2doan,2025-10-24,21:14:36,-07:00,2025-10-24T21:14:36-07:00,1,17
style.css,320,css,eb7e11fd,j2doan,2025-10-24,21:14:36,-07:00,2025-10-24T21:14:36-07:00,2,25
style.css,321,css,eb7e11fd,j2doan,2025-10-24,21:14:36,-07:00,2025-10-24T21:14:36-07:00,1,0
style.css,322,css,3ccc75cf,j2doan,2025-10-31,17:17:16,-07:00,2025-10-31T17:17:16-07:00,0,0
style.css,323,css,3ccc75cf,j2doan,2025-10-31,17:17:16,-07:00,2025-10-31T17:17:16-07:00,1,13
style.css,324,css,3ccc75cf,j2doan,2025-10-31,17:17:16,-07:00,2025-10-31T17:17:16-07:00,2,13
style.css,325,css,3ccc75cf,j2doan,2025-10-31,17:17:16,-07:00,2025-10-31T17:17:16-07:00,1,0
style.css,326,css,3ccc75cf,j2doan,2025-10-31,17:17:16,-07:00,2025-10-31T17:17:16-07:00,0,0
style.css,327,css,3ccc75cf,j2doan,2025-10-31,17:17:16,-07:00,2025-10-31T17:17:16-07:00,1,7
style.css,328,css,3ccc75cf,j2doan,2025-10-31,17:17:16,-07:00,2025-10-31T17:17:16-07:00,2,24
style.css,329,css,3ccc75cf,j2doan,2025-10-31,17:17:16,-07:00,2025-10-31T17:17:16-07:00,2,18
style.css,330,css,3ccc75cf,j2doan,2025-10-31,17:17:16,-07:00,2025-10-31T17:17:16-07:00,1,0
style.css,331,css,eb7e11fd,j2doan,2025-10-24,21:14:36,-07:00,2025-10-24T21:14:36-07:00,0,0
index.html,1,html,04e45d7d,j2doan,2025-09-30,16:58:04,-07:00,2025-09-30T16:58:04-07:00,0,13
index.html,2,html,04e45d7d,j2doan,2025-09-30,16:58:04,-07:00,2025-09-30T16:58:04-07:00,0,14
index.html,3,html,04e45d7d,j2doan,2025-09-30,16:58:04,-07:00,2025-09-30T16:58:04-07:00,0,4
index.html,4,html,04e45d7d,j2doan,2025-09-30,16:58:04,-07:00,2025-09-30T16:58:04-07:00,2,20
index.html,5,html,04e45d7d,j2doan,2025-09-30,16:58:04,-07:00,2025-09-30T16:58:04-07:00,2,68
index.html,6,html,04e45d7d,j2doan,2025-09-30,16:58:04,-07:00,2025-09-30T16:58:04-07:00,2,52
index.html,7,html,ddcd3f95,j2doan,2025-09-30,19:20:42,-07:00,2025-09-30T19:20:42-07:00,2,38
index.html,8,html,32c8d80e,j2doan,2025-10-24,17:57:09,-07:00,2025-10-24T17:57:09-07:00,2,56
index.html,9,html,32c8d80e,j2doan,2025-10-24,17:57:09,-07:00,2025-10-24T17:57:09-07:00,2,46
index.html,10,html,04e45d7d,j2doan,2025-09-30,16:58:04,-07:00,2025-09-30T16:58:04-07:00,0,5
index.html,11,html,04e45d7d,j2doan,2025-09-30,16:58:04,-07:00,2025-09-30T16:58:04-07:00,0,4
index.html,12,html,b8606c60,j2doan,2025-10-14,00:41:03,-07:00,2025-10-14T00:41:03-07:00,2,8
index.html,13,html,279c2e7e,j2doan,2025-10-07,17:38:15,-07:00,2025-10-07T17:38:15-07:00,4,2
index.html,14,html,b8606c60,j2doan,2025-10-14,00:41:03,-07:00,2025-10-14T00:41:03-07:00,6,37
index.html,15,html,279c2e7e,j2doan,2025-10-07,17:38:15,-07:00,2025-10-07T17:38:15-07:00,6,50
index.html,16,html,279c2e7e,j2doan,2025-10-07,17:38:15,-07:00,2025-10-07T17:38:15-07:00,6,48
index.html,17,html,279c2e7e,j2doan,2025-10-07,17:38:15,-07:00,2025-10-07T17:38:15-07:00,6,46
index.html,18,html,279c2e7e,j2doan,2025-10-07,17:38:15,-07:00,2025-10-07T17:38:15-07:00,6,70
index.html,19,html,279c2e7e,j2doan,2025-10-07,17:38:15,-07:00,2025-10-07T17:38:15-07:00,4,3
index.html,20,html,b8606c60,j2doan,2025-10-14,00:41:03,-07:00,2025-10-14T00:41:03-07:00,2,8
index.html,21,html,04e45d7d,j2doan,2025-09-30,16:58:04,-07:00,2025-09-30T16:58:04-07:00,2,17
index.html,22,html,04e45d7d,j2doan,2025-09-30,16:58:04,-07:00,2025-09-30T16:58:04-07:00,2,58
index.html,23,html,871aab03,j2doan,2025-09-30,18:17:48,-07:00,2025-09-30T18:17:48-07:00,2,152
index.html,24,html,871aab03,j2doan,2025-09-30,18:17:48,-07:00,2025-09-30T18:17:48-07:00,2,65
index.html,25,html,eb7e11fd,j2doan,2025-10-24,21:14:36,-07:00,2025-10-24T21:14:36-07:00,2,24
index.html,26,html,47033448,j2doan,2025-10-24,20:41:30,-07:00,2025-10-24T20:41:30-07:00,2,28
index.html,27,html,eb7e11fd,j2doan,2025-10-24,21:14:36,-07:00,2025-10-24T21:14:36-07:00,2,22
index.html,28,html,32c8d80e,j2doan,2025-10-24,17:57:09,-07:00,2025-10-24T17:57:09-07:00,2,20
index.html,29,html,32c8d80e,j2doan,2025-10-24,17:57:09,-07:00,2025-10-24T17:57:09-07:00,2,49
index.html,30,html,32c8d80e,j2doan,2025-10-24,17:57:09,-07:00,2025-10-24T17:57:09-07:00,2,4
index.html,31,html,04e45d7d,j2doan,2025-09-30,16:58:04,-07:00,2025-09-30T16:58:04-07:00,0,5
index.html,32,html,04e45d7d,j2doan,2025-09-30,16:58:04,-07:00,2025-09-30T16:58:04-07:00,0,5
resume\index.html,1,html,2bab8e4f,j2doan,2025-10-02,01:20:10,-07:00,2025-10-02T01:20:10-07:00,0,14
resume\index.html,2,html,2bab8e4f,j2doan,2025-10-02,01:20:10,-07:00,2025-10-02T01:20:10-07:00,0,4
resume\index.html,3,html,2bab8e4f,j2doan,2025-10-02,01:20:10,-07:00,2025-10-02T01:20:10-07:00,2,20
resume\index.html,4,html,2bab8e4f,j2doan,2025-10-02,01:20:10,-07:00,2025-10-02T01:20:10-07:00,2,68
resume\index.html,5,html,2bab8e4f,j2doan,2025-10-02,01:20:10,-07:00,2025-10-02T01:20:10-07:00,2,21
resume\index.html,6,html,ff1a098f,j2doan,2025-10-07,18:17:51,-07:00,2025-10-07T18:17:51-07:00,2,41
resume\index.html,7,html,32c8d80e,j2doan,2025-10-24,17:57:09,-07:00,2025-10-24T17:57:09-07:00,2,56
resume\index.html,8,html,2bab8e4f,j2doan,2025-10-02,01:20:10,-07:00,2025-10-02T01:20:10-07:00,0,5
resume\index.html,9,html,2bab8e4f,j2doan,2025-10-02,01:20:10,-07:00,2025-10-02T01:20:10-07:00,0,4
resume\index.html,10,html,b8606c60,j2doan,2025-10-14,00:41:03,-07:00,2025-10-14T00:41:03-07:00,2,8
resume\index.html,11,html,2bab8e4f,j2doan,2025-10-02,01:20:10,-07:00,2025-10-02T01:20:10-07:00,4,2
resume\index.html,12,html,2bab8e4f,j2doan,2025-10-02,01:20:10,-07:00,2025-10-02T01:20:10-07:00,6,37
resume\index.html,13,html,2bab8e4f,j2doan,2025-10-02,01:20:10,-07:00,2025-10-02T01:20:10-07:00,6,50
resume\index.html,14,html,2bab8e4f,j2doan,2025-10-02,01:20:10,-07:00,2025-10-02T01:20:10-07:00,6,48
resume\index.html,15,html,b8606c60,j2doan,2025-10-14,00:41:03,-07:00,2025-10-14T00:41:03-07:00,6,46
resume\index.html,16,html,2bab8e4f,j2doan,2025-10-02,01:20:10,-07:00,2025-10-02T01:20:10-07:00,6,70
resume\index.html,17,html,2bab8e4f,j2doan,2025-10-02,01:20:10,-07:00,2025-10-02T01:20:10-07:00,4,3
resume\index.html,18,html,b8606c60,j2doan,2025-10-14,00:41:03,-07:00,2025-10-14T00:41:03-07:00,2,8
resume\index.html,19,html,2bab8e4f,j2doan,2025-10-02,01:20:10,-07:00,2025-10-02T01:20:10-07:00,2,13
resume\index.html,20,html,9dbfe53f,j2doan,2025-10-08,11:25:36,-07:00,2025-10-08T11:25:36-07:00,2,19
resume\index.html,21,html,9dbfe53f,j2doan,2025-10-08,11:25:36,-07:00,2025-10-08T11:25:36-07:00,4,21
resume\index.html,22,html,c66d09cc,j2doan,2025-10-02,01:32:23,-07:00,2025-10-02T01:32:23-07:00,6,24
resume\index.html,23,html,7a7945f6,j2doan,2025-10-02,18:08:10,-07:00,2025-10-02T18:08:10-07:00,6,150
resume\index.html,24,html,2bab8e4f,j2doan,2025-10-02,01:20:10,-07:00,2025-10-02T01:20:10-07:00,4,8
resume\index.html,25,html,2bab8e4f,j2doan,2025-10-02,01:20:10,-07:00,2025-10-02T01:20:10-07:00,4,7
resume\index.html,26,html,38fc3c89,j2doan,2025-10-08,15:43:22,-07:00,2025-10-08T15:43:22-07:00,6,23
resume\index.html,27,html,2bab8e4f,j2doan,2025-10-02,01:20:10,-07:00,2025-10-02T01:20:10-07:00,6,7
resume\index.html,28,html,740bf934,j2doan,2025-10-02,01:48:11,-07:00,2025-10-02T01:48:11-07:00,8,96
resume\index.html,29,html,2bab8e4f,j2doan,2025-10-02,01:20:10,-07:00,2025-10-02T01:20:10-07:00,8,2
resume\index.html,30,html,2bab8e4f,j2doan,2025-10-02,01:20:10,-07:00,2025-10-02T01:20:10-07:00,10,132
resume\index.html,31,html,2bab8e4f,j2doan,2025-10-02,01:20:10,-07:00,2025-10-02T01:20:10-07:00,10,80
resume\index.html,32,html,2bab8e4f,j2doan,2025-10-02,01:20:10,-07:00,2025-10-02T01:20:10-07:00,10,92
resume\index.html,33,html,2bab8e4f,j2doan,2025-10-02,01:20:10,-07:00,2025-10-02T01:20:10-07:00,10,104
resume\index.html,34,html,2bab8e4f,j2doan,2025-10-02,01:20:10,-07:00,2025-10-02T01:20:10-07:00,8,3
resume\index.html,35,html,2bab8e4f,j2doan,2025-10-02,01:20:10,-07:00,2025-10-02T01:20:10-07:00,6,8
resume\index.html,36,html,2bab8e4f,j2doan,2025-10-02,01:20:10,-07:00,2025-10-02T01:20:10-07:00,4,8
resume\index.html,37,html,2bab8e4f,j2doan,2025-10-02,01:20:10,-07:00,2025-10-02T01:20:10-07:00,4,7
resume\index.html,38,html,38fc3c89,j2doan,2025-10-08,15:43:22,-07:00,2025-10-08T15:43:22-07:00,6,24
resume\index.html,39,html,2bab8e4f,j2doan,2025-10-02,01:20:10,-07:00,2025-10-02T01:20:10-07:00,6,7
resume\index.html,40,html,66adc2cf,j2doan,2025-10-02,01:44:45,-07:00,2025-10-02T01:44:45-07:00,8,157
resume\index.html,41,html,2bab8e4f,j2doan,2025-10-02,01:20:10,-07:00,2025-10-02T01:20:10-07:00,8,2
resume\index.html,42,html,2bab8e4f,j2doan,2025-10-02,01:20:10,-07:00,2025-10-02T01:20:10-07:00,10,210
resume\index.html,43,html,2bab8e4f,j2doan,2025-10-02,01:20:10,-07:00,2025-10-02T01:20:10-07:00,10,155
resume\index.html,44,html,2bab8e4f,j2doan,2025-10-02,01:20:10,-07:00,2025-10-02T01:20:10-07:00,10,158
resume\index.html,45,html,2bab8e4f,j2doan,2025-10-02,01:20:10,-07:00,2025-10-02T01:20:10-07:00,8,3
resume\index.html,46,html,2bab8e4f,j2doan,2025-10-02,01:20:10,-07:00,2025-10-02T01:20:10-07:00,6,8
resume\index.html,47,html,2bab8e4f,j2doan,2025-10-02,01:20:10,-07:00,2025-10-02T01:20:10-07:00,4,8
resume\index.html,48,html,2bab8e4f,j2doan,2025-10-02,01:20:10,-07:00,2025-10-02T01:20:10-07:00,4,7
resume\index.html,49,html,38fc3c89,j2doan,2025-10-08,15:43:22,-07:00,2025-10-08T15:43:22-07:00,6,22
resume\index.html,50,html,2bab8e4f,j2doan,2025-10-02,01:20:10,-07:00,2025-10-02T01:20:10-07:00,6,7
resume\index.html,51,html,740bf934,j2doan,2025-10-02,01:48:11,-07:00,2025-10-02T01:48:11-07:00,8,157
resume\index.html,52,html,2bab8e4f,j2doan,2025-10-02,01:20:10,-07:00,2025-10-02T01:20:10-07:00,8,2
resume\index.html,53,html,2bab8e4f,j2doan,2025-10-02,01:20:10,-07:00,2025-10-02T01:20:10-07:00,10,200
resume\index.html,54,html,2bab8e4f,j2doan,2025-10-02,01:20:10,-07:00,2025-10-02T01:20:10-07:00,10,277
resume\index.html,55,html,2bab8e4f,j2doan,2025-10-02,01:20:10,-07:00,2025-10-02T01:20:10-07:00,10,229
resume\index.html,56,html,2bab8e4f,j2doan,2025-10-02,01:20:10,-07:00,2025-10-02T01:20:10-07:00,8,3
resume\index.html,57,html,2bab8e4f,j2doan,2025-10-02,01:20:10,-07:00,2025-10-02T01:20:10-07:00,6,8
resume\index.html,58,html,2bab8e4f,j2doan,2025-10-02,01:20:10,-07:00,2025-10-02T01:20:10-07:00,6,7
resume\index.html,59,html,740bf934,j2doan,2025-10-02,01:48:11,-07:00,2025-10-02T01:48:11-07:00,8,153
resume\index.html,60,html,2bab8e4f,j2doan,2025-10-02,01:20:10,-07:00,2025-10-02T01:20:10-07:00,8,2
resume\index.html,61,html,2bab8e4f,j2doan,2025-10-02,01:20:10,-07:00,2025-10-02T01:20:10-07:00,10,251
resume\index.html,62,html,2bab8e4f,j2doan,2025-10-02,01:20:10,-07:00,2025-10-02T01:20:10-07:00,8,3
resume\index.html,63,html,2bab8e4f,j2doan,2025-10-02,01:20:10,-07:00,2025-10-02T01:20:10-07:00,6,8
resume\index.html,64,html,2bab8e4f,j2doan,2025-10-02,01:20:10,-07:00,2025-10-02T01:20:10-07:00,6,7
resume\index.html,65,html,740bf934,j2doan,2025-10-02,01:48:11,-07:00,2025-10-02T01:48:11-07:00,8,98
resume\index.html,66,html,2bab8e4f,j2doan,2025-10-02,01:20:10,-07:00,2025-10-02T01:20:10-07:00,8,2
resume\index.html,67,html,2bab8e4f,j2doan,2025-10-02,01:20:10,-07:00,2025-10-02T01:20:10-07:00,10,232
resume\index.html,68,html,2bab8e4f,j2doan,2025-10-02,01:20:10,-07:00,2025-10-02T01:20:10-07:00,10,153
resume\index.html,69,html,2bab8e4f,j2doan,2025-10-02,01:20:10,-07:00,2025-10-02T01:20:10-07:00,8,3
resume\index.html,70,html,2bab8e4f,j2doan,2025-10-02,01:20:10,-07:00,2025-10-02T01:20:10-07:00,6,8
resume\index.html,71,html,2bab8e4f,j2doan,2025-10-02,01:20:10,-07:00,2025-10-02T01:20:10-07:00,6,7
resume\index.html,72,html,740bf934,j2doan,2025-10-02,01:48:11,-07:00,2025-10-02T01:48:11-07:00,8,88
resume\index.html,73,html,2bab8e4f,j2doan,2025-10-02,01:20:10,-07:00,2025-10-02T01:20:10-07:00,8,2
resume\index.html,74,html,2bab8e4f,j2doan,2025-10-02,01:20:10,-07:00,2025-10-02T01:20:10-07:00,10,168
resume\index.html,75,html,2bab8e4f,j2doan,2025-10-02,01:20:10,-07:00,2025-10-02T01:20:10-07:00,8,3
resume\index.html,76,html,2bab8e4f,j2doan,2025-10-02,01:20:10,-07:00,2025-10-02T01:20:10-07:00,6,8
resume\index.html,77,html,2bab8e4f,j2doan,2025-10-02,01:20:10,-07:00,2025-10-02T01:20:10-07:00,4,8
resume\index.html,78,html,2bab8e4f,j2doan,2025-10-02,01:20:10,-07:00,2025-10-02T01:20:10-07:00,4,7
resume\index.html,79,html,38fc3c89,j2doan,2025-10-08,15:43:22,-07:00,2025-10-08T15:43:22-07:00,6,20
resume\index.html,80,html,2bab8e4f,j2doan,2025-10-02,01:20:10,-07:00,2025-10-02T01:20:10-07:00,6,7
resume\index.html,81,html,2bab8e4f,j2doan,2025-10-02,01:20:10,-07:00,2025-10-02T01:20:10-07:00,8,2
resume\index.html,82,html,9dbfe53f,j2doan,2025-10-08,11:25:36,-07:00,2025-10-08T11:25:36-07:00,10,92
resume\index.html,83,html,9dbfe53f,j2doan,2025-10-08,11:25:36,-07:00,2025-10-08T11:25:36-07:00,10,127
resume\index.html,84,html,9dbfe53f,j2doan,2025-10-08,11:25:36,-07:00,2025-10-08T11:25:36-07:00,10,185
resume\index.html,85,html,9dbfe53f,j2doan,2025-10-08,11:25:36,-07:00,2025-10-08T11:25:36-07:00,10,132
resume\index.html,86,html,9dbfe53f,j2doan,2025-10-08,11:25:36,-07:00,2025-10-08T11:25:36-07:00,10,122
resume\index.html,87,html,9dbfe53f,j2doan,2025-10-08,11:25:36,-07:00,2025-10-08T11:25:36-07:00,10,61
resume\index.html,88,html,9dbfe53f,j2doan,2025-10-08,11:25:36,-07:00,2025-10-08T11:25:36-07:00,10,110
resume\index.html,89,html,5d4df015,j2doan,2025-10-08,11:30:55,-07:00,2025-10-08T11:30:55-07:00,10,161
resume\index.html,90,html,2bab8e4f,j2doan,2025-10-02,01:20:10,-07:00,2025-10-02T01:20:10-07:00,8,3
resume\index.html,91,html,2bab8e4f,j2doan,2025-10-02,01:20:10,-07:00,2025-10-02T01:20:10-07:00,6,8
resume\index.html,92,html,2bab8e4f,j2doan,2025-10-02,01:20:10,-07:00,2025-10-02T01:20:10-07:00,4,8
resume\index.html,93,html,2bab8e4f,j2doan,2025-10-02,01:20:10,-07:00,2025-10-02T01:20:10-07:00,2,5
resume\index.html,94,html,2bab8e4f,j2doan,2025-10-02,01:20:10,-07:00,2025-10-02T01:20:10-07:00,0,5
resume\index.html,95,html,2bab8e4f,j2doan,2025-10-02,01:20:10,-07:00,2025-10-02T01:20:10-07:00,0,5
projects\projects.js,1,js,ca08cfdb,j2doan,2025-10-24,01:18:36,-07:00,2025-10-24T01:18:36-07:00,0,55
projects\projects.js,2,js,3ccc75cf,j2doan,2025-10-31,17:17:16,-07:00,2025-10-31T17:17:16-07:00,0,63
projects\projects.js,3,js,ca08cfdb,j2doan,2025-10-24,01:18:36,-07:00,2025-10-24T01:18:36-07:00,0,0
projects\projects.js,4,js,ca08cfdb,j2doan,2025-10-24,01:18:36,-07:00,2025-10-24T01:18:36-07:00,0,97
projects\projects.js,5,js,ca08cfdb,j2doan,2025-10-24,01:18:36,-07:00,2025-10-24T01:18:36-07:00,0,0
projects\projects.js,6,js,ca08cfdb,j2doan,2025-10-24,01:18:36,-07:00,2025-10-24T01:18:36-07:00,0,131
projects\projects.js,7,js,ca08cfdb,j2doan,2025-10-24,01:18:36,-07:00,2025-10-24T01:18:36-07:00,0,0
projects\projects.js,8,js,ca08cfdb,j2doan,2025-10-24,01:18:36,-07:00,2025-10-24T01:18:36-07:00,0,81
projects\projects.js,9,js,ca08cfdb,j2doan,2025-10-24,01:18:36,-07:00,2025-10-24T01:18:36-07:00,2,92
projects\projects.js,10,js,ca08cfdb,j2doan,2025-10-24,01:18:36,-07:00,2025-10-24T01:18:36-07:00,0,6
projects\projects.js,11,js,ca08cfdb,j2doan,2025-10-24,01:18:36,-07:00,2025-10-24T01:18:36-07:00,2,86
projects\projects.js,12,js,ca08cfdb,j2doan,2025-10-24,01:18:36,-07:00,2025-10-24T01:18:36-07:00,0,0
projects\projects.js,13,js,ca08cfdb,j2doan,2025-10-24,01:18:36,-07:00,2025-10-24T01:18:36-07:00,0,0
projects\projects.js,14,js,ca08cfdb,j2doan,2025-10-24,01:18:36,-07:00,2025-10-24T01:18:36-07:00,0,96
projects\projects.js,15,js,ca08cfdb,j2doan,2025-10-24,01:18:36,-07:00,2025-10-24T01:18:36-07:00,0,18
projects\projects.js,16,js,ca08cfdb,j2doan,2025-10-24,01:18:36,-07:00,2025-10-24T01:18:36-07:00,2,95
projects\projects.js,17,js,ca08cfdb,j2doan,2025-10-24,01:18:36,-07:00,2025-10-24T01:18:36-07:00,2,46
projects\projects.js,18,js,3ccc75cf,j2doan,2025-10-31,17:17:16,-07:00,2025-10-31T17:17:16-07:00,0,0
projects\projects.js,19,js,3ccc75cf,j2doan,2025-10-31,17:17:16,-07:00,2025-10-31T17:17:16-07:00,0,0
projects\projects.js,20,js,3ccc75cf,j2doan,2025-10-31,17:17:16,-07:00,2025-10-31T17:17:16-07:00,0,0
projects\projects.js,21,js,3ccc75cf,j2doan,2025-10-31,17:17:16,-07:00,2025-10-31T17:17:16-07:00,0,0
projects\projects.js,22,js,3ccc75cf,j2doan,2025-10-31,17:17:16,-07:00,2025-10-31T17:17:16-07:00,0,0
projects\projects.js,23,js,3ccc75cf,j2doan,2025-10-31,17:17:16,-07:00,2025-10-31T17:17:16-07:00,0,0
projects\projects.js,24,js,3ccc75cf,j2doan,2025-10-31,17:17:16,-07:00,2025-10-31T17:17:16-07:00,0,0
projects\projects.js,25,js,3ccc75cf,j2doan,2025-10-31,17:17:16,-07:00,2025-10-31T17:17:16-07:00,0,53
projects\projects.js,26,js,3ccc75cf,j2doan,2025-10-31,17:17:16,-07:00,2025-10-31T17:17:16-07:00,0,0
projects\projects.js,27,js,3ccc75cf,j2doan,2025-10-31,17:17:16,-07:00,2025-10-31T17:17:16-07:00,0,0
projects\projects.js,28,js,3ccc75cf,j2doan,2025-10-31,17:17:16,-07:00,2025-10-31T17:17:16-07:00,0,13
projects\projects.js,29,js,3ccc75cf,j2doan,2025-10-31,17:17:16,-07:00,2025-10-31T17:17:16-07:00,0,21
projects\projects.js,30,js,3ccc75cf,j2doan,2025-10-31,17:17:16,-07:00,2025-10-31T17:17:16-07:00,0,15
projects\projects.js,31,js,3ccc75cf,j2doan,2025-10-31,17:17:16,-07:00,2025-10-31T17:17:16-07:00,0,0
projects\projects.js,32,js,3ccc75cf,j2doan,2025-10-31,17:17:16,-07:00,2025-10-31T17:17:16-07:00,0,38
projects\projects.js,33,js,3ccc75cf,j2doan,2025-10-31,17:17:16,-07:00,2025-10-31T17:17:16-07:00,1,38
projects\projects.js,34,js,3ccc75cf,j2doan,2025-10-31,17:17:16,-07:00,2025-10-31T17:17:16-07:00,2,97
projects\projects.js,35,js,3ccc75cf,j2doan,2025-10-31,17:17:16,-07:00,2025-10-31T17:17:16-07:00,2,128
projects\projects.js,36,js,3ccc75cf,j2doan,2025-10-31,17:17:16,-07:00,2025-10-31T17:17:16-07:00,2,34
projects\projects.js,37,js,3ccc75cf,j2doan,2025-10-31,17:17:16,-07:00,2025-10-31T17:17:16-07:00,1,1
projects\projects.js,38,js,3ccc75cf,j2doan,2025-10-31,17:17:16,-07:00,2025-10-31T17:17:16-07:00,0,0
projects\projects.js,39,js,3ccc75cf,j2doan,2025-10-31,17:17:16,-07:00,2025-10-31T17:17:16-07:00,0,0
projects\projects.js,40,js,3ccc75cf,j2doan,2025-10-31,17:17:16,-07:00,2025-10-31T17:17:16-07:00,0,0
projects\projects.js,41,js,3ccc75cf,j2doan,2025-10-31,17:17:16,-07:00,2025-10-31T17:17:16-07:00,0,0
projects\projects.js,42,js,3ccc75cf,j2doan,2025-10-31,17:17:16,-07:00,2025-10-31T17:17:16-07:00,0,0
projects\projects.js,43,js,3ccc75cf,j2doan,2025-10-31,17:17:16,-07:00,2025-10-31T17:17:16-07:00,0,48
projects\projects.js,44,js,3ccc75cf,j2doan,2025-10-31,17:17:16,-07:00,2025-10-31T17:17:16-07:00,1,19
projects\projects.js,45,js,3ccc75cf,j2doan,2025-10-31,17:17:16,-07:00,2025-10-31T17:17:16-07:00,1,25
projects\projects.js,46,js,3ccc75cf,j2doan,2025-10-31,17:17:16,-07:00,2025-10-31T17:17:16-07:00,1,26
projects\projects.js,47,js,3ccc75cf,j2doan,2025-10-31,17:17:16,-07:00,2025-10-31T17:17:16-07:00,1,48
projects\projects.js,48,js,3ccc75cf,j2doan,2025-10-31,17:17:16,-07:00,2025-10-31T17:17:16-07:00,0,0
projects\projects.js,49,js,3ccc75cf,j2doan,2025-10-31,17:17:16,-07:00,2025-10-31T17:17:16-07:00,1,31
projects\projects.js,50,js,3ccc75cf,j2doan,2025-10-31,17:17:16,-07:00,2025-10-31T17:17:16-07:00,1,97
projects\projects.js,51,js,3ccc75cf,j2doan,2025-10-31,17:17:16,-07:00,2025-10-31T17:17:16-07:00,2,100
projects\projects.js,52,js,3ccc75cf,j2doan,2025-10-31,17:17:16,-07:00,2025-10-31T17:17:16-07:00,2,67
projects\projects.js,53,js,3ccc75cf,j2doan,2025-10-31,17:17:16,-07:00,2025-10-31T17:17:16-07:00,1,6
projects\projects.js,54,js,3ccc75cf,j2doan,2025-10-31,17:17:16,-07:00,2025-10-31T17:17:16-07:00,2,86
projects\projects.js,55,js,3ccc75cf,j2doan,2025-10-31,17:17:16,-07:00,2025-10-31T17:17:16-07:00,2,62
projects\projects.js,56,js,3ccc75cf,j2doan,2025-10-31,17:17:16,-07:00,2025-10-31T17:17:16-07:00,2,61
projects\projects.js,57,js,3ccc75cf,j2doan,2025-10-31,17:17:16,-07:00,2025-10-31T17:17:16-07:00,1,0
projects\projects.js,58,js,3ccc75cf,j2doan,2025-10-31,17:17:16,-07:00,2025-10-31T17:17:16-07:00,0,1
projects\projects.js,59,js,3ccc75cf,j2doan,2025-10-31,17:17:16,-07:00,2025-10-31T17:17:16-07:00,0,0
projects\projects.js,60,js,3ccc75cf,j2doan,2025-10-31,17:17:16,-07:00,2025-10-31T17:17:16-07:00,0,0
projects\projects.js,61,js,3ccc75cf,j2doan,2025-10-31,17:17:16,-07:00,2025-10-31T17:17:16-07:00,0,0
projects\projects.js,62,js,3ccc75cf,j2doan,2025-10-31,17:17:16,-07:00,2025-10-31T17:17:16-07:00,0,0
projects\projects.js,63,js,3ccc75cf,j2doan,2025-10-31,17:17:16,-07:00,2025-10-31T17:17:16-07:00,0,38
projects\projects.js,64,js,3ccc75cf,j2doan,2025-10-31,17:17:16,-07:00,2025-10-31T17:17:16-07:00,1,50
projects\projects.js,65,js,3ccc75cf,j2doan,2025-10-31,17:17:16,-07:00,2025-10-31T17:17:16-07:00,1,29
projects\projects.js,66,js,3ccc75cf,j2doan,2025-10-31,17:17:16,-07:00,2025-10-31T17:17:16-07:00,2,12
projects\projects.js,67,js,3ccc75cf,j2doan,2025-10-31,17:17:16,-07:00,2025-10-31T17:17:16-07:00,2,14
projects\projects.js,68,js,3ccc75cf,j2doan,2025-10-31,17:17:16,-07:00,2025-10-31T17:17:16-07:00,2,11
projects\projects.js,69,js,3ccc75cf,j2doan,2025-10-31,17:17:16,-07:00,2025-10-31T17:17:16-07:00,1,0
projects\projects.js,70,js,3ccc75cf,j2doan,2025-10-31,17:17:16,-07:00,2025-10-31T17:17:16-07:00,0,0
projects\projects.js,71,js,3ccc75cf,j2doan,2025-10-31,17:17:16,-07:00,2025-10-31T17:17:16-07:00,1,57
projects\projects.js,72,js,3ccc75cf,j2doan,2025-10-31,17:17:16,-07:00,2025-10-31T17:17:16-07:00,1,46
projects\projects.js,73,js,3ccc75cf,j2doan,2025-10-31,17:17:16,-07:00,2025-10-31T17:17:16-07:00,2,35
projects\projects.js,74,js,3ccc75cf,j2doan,2025-10-31,17:17:16,-07:00,2025-10-31T17:17:16-07:00,1,1
projects\projects.js,75,js,3ccc75cf,j2doan,2025-10-31,17:17:16,-07:00,2025-10-31T17:17:16-07:00,0,0
projects\projects.js,76,js,3ccc75cf,j2doan,2025-10-31,17:17:16,-07:00,2025-10-31T17:17:16-07:00,1,18
projects\projects.js,77,js,3ccc75cf,j2doan,2025-10-31,17:17:16,-07:00,2025-10-31T17:17:16-07:00,1,51
projects\projects.js,78,js,3ccc75cf,j2doan,2025-10-31,17:17:16,-07:00,2025-10-31T17:17:16-07:00,1,42
projects\projects.js,79,js,3ccc75cf,j2doan,2025-10-31,17:17:16,-07:00,2025-10-31T17:17:16-07:00,0,0
projects\projects.js,80,js,3ccc75cf,j2doan,2025-10-31,17:17:16,-07:00,2025-10-31T17:17:16-07:00,1,21
projects\projects.js,81,js,3ccc75cf,j2doan,2025-10-31,17:17:16,-07:00,2025-10-31T17:17:16-07:00,1,60
projects\projects.js,82,js,3ccc75cf,j2doan,2025-10-31,17:17:16,-07:00,2025-10-31T17:17:16-07:00,1,52
projects\projects.js,83,js,3ccc75cf,j2doan,2025-10-31,17:17:16,-07:00,2025-10-31T17:17:16-07:00,0,0
projects\projects.js,84,js,3ccc75cf,j2doan,2025-10-31,17:17:16,-07:00,2025-10-31T17:17:16-07:00,1,14
projects\projects.js,85,js,3ccc75cf,j2doan,2025-10-31,17:17:16,-07:00,2025-10-31T17:17:16-07:00,1,47
projects\projects.js,86,js,3ccc75cf,j2doan,2025-10-31,17:17:16,-07:00,2025-10-31T17:17:16-07:00,0,0
projects\projects.js,87,js,3ccc75cf,j2doan,2025-10-31,17:17:16,-07:00,2025-10-31T17:17:16-07:00,1,38
projects\projects.js,88,js,3ccc75cf,j2doan,2025-10-31,17:17:16,-07:00,2025-10-31T17:17:16-07:00,1,25
projects\projects.js,89,js,3ccc75cf,j2doan,2025-10-31,17:17:16,-07:00,2025-10-31T17:17:16-07:00,1,29
projects\projects.js,90,js,3ccc75cf,j2doan,2025-10-31,17:17:16,-07:00,2025-10-31T17:17:16-07:00,0,0
projects\projects.js,91,js,3ccc75cf,j2doan,2025-10-31,17:17:16,-07:00,2025-10-31T17:17:16-07:00,1,32
projects\projects.js,92,js,3ccc75cf,j2doan,2025-10-31,17:17:16,-07:00,2025-10-31T17:17:16-07:00,1,30
projects\projects.js,93,js,3ccc75cf,j2doan,2025-10-31,17:17:16,-07:00,2025-10-31T17:17:16-07:00,0,0
projects\projects.js,94,js,3ccc75cf,j2doan,2025-10-31,17:17:16,-07:00,2025-10-31T17:17:16-07:00,1,12
projects\projects.js,95,js,3ccc75cf,j2doan,2025-10-31,17:17:16,-07:00,2025-10-31T17:17:16-07:00,1,29
projects\projects.js,96,js,3ccc75cf,j2doan,2025-10-31,17:17:16,-07:00,2025-10-31T17:17:16-07:00,2,16
projects\projects.js,97,js,3ccc75cf,j2doan,2025-10-31,17:17:16,-07:00,2025-10-31T17:17:16-07:00,3,13
projects\projects.js,98,js,3ccc75cf,j2doan,2025-10-31,17:17:16,-07:00,2025-10-31T17:17:16-07:00,3,24
projects\projects.js,99,js,3ccc75cf,j2doan,2025-10-31,17:17:16,-07:00,2025-10-31T17:17:16-07:00,3,18
projects\projects.js,100,js,3ccc75cf,j2doan,2025-10-31,17:17:16,-07:00,2025-10-31T17:17:16-07:00,6,47
projects\projects.js,101,js,3ccc75cf,j2doan,2025-10-31,17:17:16,-07:00,2025-10-31T17:17:16-07:00,0,0
projects\projects.js,102,js,3ccc75cf,j2doan,2025-10-31,17:17:16,-07:00,2025-10-31T17:17:16-07:00,6,1
projects\projects.js,103,js,3ccc75cf,j2doan,2025-10-31,17:17:16,-07:00,2025-10-31T17:17:16-07:00,6,16
projects\projects.js,104,js,3ccc75cf,j2doan,2025-10-31,17:17:16,-07:00,2025-10-31T17:17:16-07:00,6,24
projects\projects.js,105,js,3ccc75cf,j2doan,2025-10-31,17:17:16,-07:00,2025-10-31T17:17:16-07:00,8,68
projects\projects.js,106,js,3ccc75cf,j2doan,2025-10-31,17:17:16,-07:00,2025-10-31T17:17:16-07:00,8,35
projects\projects.js,107,js,3ccc75cf,j2doan,2025-10-31,17:17:16,-07:00,2025-10-31T17:17:16-07:00,6,1
projects\projects.js,108,js,3ccc75cf,j2doan,2025-10-31,17:17:16,-07:00,2025-10-31T17:17:16-07:00,6,4
projects\projects.js,109,js,3ccc75cf,j2doan,2025-10-31,17:17:16,-07:00,2025-10-31T17:17:16-07:00,8,14
projects\projects.js,110,js,3ccc75cf,j2doan,2025-10-31,17:17:16,-07:00,2025-10-31T17:17:16-07:00,8,24
projects\projects.js,111,js,3ccc75cf,j2doan,2025-10-31,17:17:16,-07:00,2025-10-31T17:17:16-07:00,10,65
projects\projects.js,112,js,3ccc75cf,j2doan,2025-10-31,17:17:16,-07:00,2025-10-31T17:17:16-07:00,10,58
projects\projects.js,113,js,3ccc75cf,j2doan,2025-10-31,17:17:16,-07:00,2025-10-31T17:17:16-07:00,8,1
projects\projects.js,114,js,3ccc75cf,j2doan,2025-10-31,17:17:16,-07:00,2025-10-31T17:17:16-07:00,0,0
projects\projects.js,115,js,3ccc75cf,j2doan,2025-10-31,17:17:16,-07:00,2025-10-31T17:17:16-07:00,6,48
projects\projects.js,116,js,3ccc75cf,j2doan,2025-10-31,17:17:16,-07:00,2025-10-31T17:17:16-07:00,6,52
projects\projects.js,117,js,3ccc75cf,j2doan,2025-10-31,17:17:16,-07:00,2025-10-31T17:17:16-07:00,6,56
projects\projects.js,118,js,3ccc75cf,j2doan,2025-10-31,17:17:16,-07:00,2025-10-31T17:17:16-07:00,6,6
projects\projects.js,119,js,3ccc75cf,j2doan,2025-10-31,17:17:16,-07:00,2025-10-31T17:17:16-07:00,6,51
projects\projects.js,120,js,3ccc75cf,j2doan,2025-10-31,17:17:16,-07:00,2025-10-31T17:17:16-07:00,6,0
projects\projects.js,121,js,3ccc75cf,j2doan,2025-10-31,17:17:16,-07:00,2025-10-31T17:17:16-07:00,4,1
projects\projects.js,122,js,3ccc75cf,j2doan,2025-10-31,17:17:16,-07:00,2025-10-31T17:17:16-07:00,1,1
projects\projects.js,123,js,3ccc75cf,j2doan,2025-10-31,17:17:16,-07:00,2025-10-31T17:17:16-07:00,0,0
projects\projects.js,124,js,3ccc75cf,j2doan,2025-10-31,17:17:16,-07:00,2025-10-31T17:17:16-07:00,1,14
projects\projects.js,125,js,3ccc75cf,j2doan,2025-10-31,17:17:16,-07:00,2025-10-31T17:17:16-07:00,1,27
projects\projects.js,126,js,3ccc75cf,j2doan,2025-10-31,17:17:16,-07:00,2025-10-31T17:17:16-07:00,2,17
projects\projects.js,127,js,3ccc75cf,j2doan,2025-10-31,17:17:16,-07:00,2025-10-31T17:17:16-07:00,5,38
projects\projects.js,128,js,3ccc75cf,j2doan,2025-10-31,17:17:16,-07:00,2025-10-31T17:17:16-07:00,5,27
projects\projects.js,129,js,3ccc75cf,j2doan,2025-10-31,17:17:16,-07:00,2025-10-31T17:17:16-07:00,5,69
projects\projects.js,130,js,3ccc75cf,j2doan,2025-10-31,17:17:16,-07:00,2025-10-31T17:17:16-07:00,1,1
projects\projects.js,131,js,3ccc75cf,j2doan,2025-10-31,17:17:16,-07:00,2025-10-31T17:17:16-07:00,0,0
projects\projects.js,132,js,3ccc75cf,j2doan,2025-10-31,17:17:16,-07:00,2025-10-31T17:17:16-07:00,0,0
projects\projects.js,133,js,3ccc75cf,j2doan,2025-10-31,17:17:16,-07:00,2025-10-31T17:17:16-07:00,0,23
projects\index.html,1,html,ddcd3f95,j2doan,2025-09-30,19:20:42,-07:00,2025-09-30T19:20:42-07:00,0,14
projects\index.html,2,html,ddcd3f95,j2doan,2025-09-30,19:20:42,-07:00,2025-09-30T19:20:42-07:00,0,4
projects\index.html,3,html,ddcd3f95,j2doan,2025-09-30,19:20:42,-07:00,2025-09-30T19:20:42-07:00,2,20
projects\index.html,4,html,ddcd3f95,j2doan,2025-09-30,19:20:42,-07:00,2025-09-30T19:20:42-07:00,2,68
projects\index.html,5,html,ddcd3f95,j2doan,2025-09-30,19:20:42,-07:00,2025-09-30T19:20:42-07:00,2,21
projects\index.html,6,html,ff1a098f,j2doan,2025-10-07,18:17:51,-07:00,2025-10-07T18:17:51-07:00,2,41
projects\index.html,7,html,32c8d80e,j2doan,2025-10-24,17:57:09,-07:00,2025-10-24T17:57:09-07:00,2,56
projects\index.html,8,html,29e77f1d,j2doan,2025-10-24,18:11:33,-07:00,2025-10-24T18:11:33-07:00,2,48
projects\index.html,9,html,29e77f1d,j2doan,2025-10-24,18:11:33,-07:00,2025-10-24T18:11:33-07:00,2,47
projects\index.html,10,html,ddcd3f95,j2doan,2025-09-30,19:20:42,-07:00,2025-09-30T19:20:42-07:00,0,5
projects\index.html,11,html,ddcd3f95,j2doan,2025-09-30,19:20:42,-07:00,2025-09-30T19:20:42-07:00,0,4
projects\index.html,12,html,b8606c60,j2doan,2025-10-14,00:41:03,-07:00,2025-10-14T00:41:03-07:00,2,8
projects\index.html,13,html,645aba5a,j2doan,2025-09-30,23:57:53,-07:00,2025-09-30T23:57:53-07:00,4,2
projects\index.html,14,html,645aba5a,j2doan,2025-09-30,23:57:53,-07:00,2025-09-30T23:57:53-07:00,6,37
projects\index.html,15,html,b8606c60,j2doan,2025-10-14,00:41:03,-07:00,2025-10-14T00:41:03-07:00,6,50
projects\index.html,16,html,645aba5a,j2doan,2025-09-30,23:57:53,-07:00,2025-09-30T23:57:53-07:00,6,48
projects\index.html,17,html,2bab8e4f,j2doan,2025-10-02,01:20:10,-07:00,2025-10-02T01:20:10-07:00,6,46
projects\index.html,18,html,119e5076,j2doan,2025-10-01,00:04:54,-07:00,2025-10-01T00:04:54-07:00,6,70
projects\index.html,19,html,645aba5a,j2doan,2025-09-30,23:57:53,-07:00,2025-09-30T23:57:53-07:00,4,3
projects\index.html,20,html,b8606c60,j2doan,2025-10-14,00:41:03,-07:00,2025-10-14T00:41:03-07:00,2,8
projects\index.html,21,html,3ccc75cf,j2doan,2025-10-31,17:17:16,-07:00,2025-10-31T17:17:16-07:00,2,38
projects\index.html,22,html,3ccc75cf,j2doan,2025-10-31,17:17:16,-07:00,2025-10-31T17:17:16-07:00,2,21
projects\index.html,23,html,3ccc75cf,j2doan,2025-10-31,17:17:16,-07:00,2025-10-31T17:17:16-07:00,4,29
projects\index.html,24,html,3ccc75cf,j2doan,2025-10-31,17:17:16,-07:00,2025-10-31T17:17:16-07:00,6,10
projects\index.html,25,html,3ccc75cf,j2doan,2025-10-31,17:17:16,-07:00,2025-10-31T17:17:16-07:00,4,4
projects\index.html,26,html,3ccc75cf,j2doan,2025-10-31,17:17:16,-07:00,2025-10-31T17:17:16-07:00,4,17
projects\index.html,27,html,3ccc75cf,j2doan,2025-10-31,17:17:16,-07:00,2025-10-31T17:17:16-07:00,6,10
projects\index.html,28,html,3ccc75cf,j2doan,2025-10-31,17:17:16,-07:00,2025-10-31T17:17:16-07:00,4,3
projects\index.html,29,html,3ccc75cf,j2doan,2025-10-31,17:17:16,-07:00,2025-10-31T17:17:16-07:00,2,4
projects\index.html,30,html,3ccc75cf,j2doan,2025-10-31,17:17:16,-07:00,2025-10-31T17:17:16-07:00,2,4
projects\index.html,31,html,3ccc75cf,j2doan,2025-10-31,17:17:16,-07:00,2025-10-31T17:17:16-07:00,4,15
projects\index.html,32,html,3ccc75cf,j2doan,2025-10-31,17:17:16,-07:00,2025-10-31T17:17:16-07:00,4,11
projects\index.html,33,html,3ccc75cf,j2doan,2025-10-31,17:17:16,-07:00,2025-10-31T17:17:16-07:00,4,26
projects\index.html,34,html,3ccc75cf,j2doan,2025-10-31,17:17:16,-07:00,2025-10-31T17:17:16-07:00,4,31
projects\index.html,35,html,3ccc75cf,j2doan,2025-10-31,17:17:16,-07:00,2025-10-31T17:17:16-07:00,2,0
projects\index.html,36,html,3ccc75cf,j2doan,2025-10-31,17:17:16,-07:00,2025-10-31T17:17:16-07:00,2,20
projects\index.html,37,html,29e77f1d,j2doan,2025-10-24,18:11:33,-07:00,2025-10-24T18:11:33-07:00,4,11
projects\index.html,38,html,60a04e4c,j2doan,2025-10-08,00:49:09,-07:00,2025-10-08T00:49:09-07:00,6,29
projects\index.html,39,html,60a04e4c,j2doan,2025-10-08,00:49:09,-07:00,2025-10-08T00:49:09-07:00,6,70
projects\index.html,40,html,60a04e4c,j2doan,2025-10-08,00:49:09,-07:00,2025-10-08T00:49:09-07:00,6,248
projects\index.html,41,html,60a04e4c,j2doan,2025-10-08,00:49:09,-07:00,2025-10-08T00:49:09-07:00,4,8
projects\index.html,42,html,60a04e4c,j2doan,2025-10-08,00:49:09,-07:00,2025-10-08T00:49:09-07:00,4,7
projects\index.html,43,html,60a04e4c,j2doan,2025-10-08,00:49:09,-07:00,2025-10-08T00:49:09-07:00,6,41
projects\index.html,44,html,60a04e4c,j2doan,2025-10-08,00:49:09,-07:00,2025-10-08T00:49:09-07:00,6,70
projects\index.html,45,html,60a04e4c,j2doan,2025-10-08,00:49:09,-07:00,2025-10-08T00:49:09-07:00,6,244
projects\index.html,46,html,60a04e4c,j2doan,2025-10-08,00:49:09,-07:00,2025-10-08T00:49:09-07:00,4,8
projects\index.html,47,html,60a04e4c,j2doan,2025-10-08,00:49:09,-07:00,2025-10-08T00:49:09-07:00,4,7
projects\index.html,48,html,60a04e4c,j2doan,2025-10-08,00:49:09,-07:00,2025-10-08T00:49:09-07:00,6,37
projects\index.html,49,html,60a04e4c,j2doan,2025-10-08,00:49:09,-07:00,2025-10-08T00:49:09-07:00,6,70
projects\index.html,50,html,60a04e4c,j2doan,2025-10-08,00:49:09,-07:00,2025-10-08T00:49:09-07:00,6,234
projects\index.html,51,html,60a04e4c,j2doan,2025-10-08,00:49:09,-07:00,2025-10-08T00:49:09-07:00,4,8
projects\index.html,52,html,60a04e4c,j2doan,2025-10-08,00:49:09,-07:00,2025-10-08T00:49:09-07:00,4,7
projects\index.html,53,html,60a04e4c,j2doan,2025-10-08,00:49:09,-07:00,2025-10-08T00:49:09-07:00,6,33
projects\index.html,54,html,60a04e4c,j2doan,2025-10-08,00:49:09,-07:00,2025-10-08T00:49:09-07:00,6,70
projects\index.html,55,html,60a04e4c,j2doan,2025-10-08,00:49:09,-07:00,2025-10-08T00:49:09-07:00,6,247
projects\index.html,56,html,60a04e4c,j2doan,2025-10-08,00:49:09,-07:00,2025-10-08T00:49:09-07:00,4,8
projects\index.html,57,html,60a04e4c,j2doan,2025-10-08,00:49:09,-07:00,2025-10-08T00:49:09-07:00,4,7
projects\index.html,58,html,60a04e4c,j2doan,2025-10-08,00:49:09,-07:00,2025-10-08T00:49:09-07:00,6,44
projects\index.html,59,html,60a04e4c,j2doan,2025-10-08,00:49:09,-07:00,2025-10-08T00:49:09-07:00,6,70
projects\index.html,60,html,60a04e4c,j2doan,2025-10-08,00:49:09,-07:00,2025-10-08T00:49:09-07:00,6,212
projects\index.html,61,html,60a04e4c,j2doan,2025-10-08,00:49:09,-07:00,2025-10-08T00:49:09-07:00,4,8
projects\index.html,62,html,60a04e4c,j2doan,2025-10-08,00:49:09,-07:00,2025-10-08T00:49:09-07:00,4,7
projects\index.html,63,html,60a04e4c,j2doan,2025-10-08,00:49:09,-07:00,2025-10-08T00:49:09-07:00,6,38
projects\index.html,64,html,60a04e4c,j2doan,2025-10-08,00:49:09,-07:00,2025-10-08T00:49:09-07:00,6,70
projects\index.html,65,html,60a04e4c,j2doan,2025-10-08,00:49:09,-07:00,2025-10-08T00:49:09-07:00,6,227
projects\index.html,66,html,60a04e4c,j2doan,2025-10-08,00:49:09,-07:00,2025-10-08T00:49:09-07:00,4,8
projects\index.html,67,html,60a04e4c,j2doan,2025-10-08,00:49:09,-07:00,2025-10-08T00:49:09-07:00,4,7
projects\index.html,68,html,60a04e4c,j2doan,2025-10-08,00:49:09,-07:00,2025-10-08T00:49:09-07:00,6,28
projects\index.html,69,html,60a04e4c,j2doan,2025-10-08,00:49:09,-07:00,2025-10-08T00:49:09-07:00,6,70
projects\index.html,70,html,60a04e4c,j2doan,2025-10-08,00:49:09,-07:00,2025-10-08T00:49:09-07:00,6,203
projects\index.html,71,html,60a04e4c,j2doan,2025-10-08,00:49:09,-07:00,2025-10-08T00:49:09-07:00,4,8
projects\index.html,72,html,60a04e4c,j2doan,2025-10-08,00:49:09,-07:00,2025-10-08T00:49:09-07:00,4,7
projects\index.html,73,html,60a04e4c,j2doan,2025-10-08,00:49:09,-07:00,2025-10-08T00:49:09-07:00,6,35
projects\index.html,74,html,60a04e4c,j2doan,2025-10-08,00:49:09,-07:00,2025-10-08T00:49:09-07:00,6,70
projects\index.html,75,html,60a04e4c,j2doan,2025-10-08,00:49:09,-07:00,2025-10-08T00:49:09-07:00,6,228
projects\index.html,76,html,60a04e4c,j2doan,2025-10-08,00:49:09,-07:00,2025-10-08T00:49:09-07:00,4,8
projects\index.html,77,html,60a04e4c,j2doan,2025-10-08,00:49:09,-07:00,2025-10-08T00:49:09-07:00,4,7
projects\index.html,78,html,60a04e4c,j2doan,2025-10-08,00:49:09,-07:00,2025-10-08T00:49:09-07:00,6,35
projects\index.html,79,html,60a04e4c,j2doan,2025-10-08,00:49:09,-07:00,2025-10-08T00:49:09-07:00,6,70
projects\index.html,80,html,60a04e4c,j2doan,2025-10-08,00:49:09,-07:00,2025-10-08T00:49:09-07:00,6,222
projects\index.html,81,html,60a04e4c,j2doan,2025-10-08,00:49:09,-07:00,2025-10-08T00:49:09-07:00,4,8
projects\index.html,82,html,60a04e4c,j2doan,2025-10-08,00:49:09,-07:00,2025-10-08T00:49:09-07:00,4,7
projects\index.html,83,html,60a04e4c,j2doan,2025-10-08,00:49:09,-07:00,2025-10-08T00:49:09-07:00,6,42
projects\index.html,84,html,60a04e4c,j2doan,2025-10-08,00:49:09,-07:00,2025-10-08T00:49:09-07:00,6,70
projects\index.html,85,html,60a04e4c,j2doan,2025-10-08,00:49:09,-07:00,2025-10-08T00:49:09-07:00,6,239
projects\index.html,86,html,60a04e4c,j2doan,2025-10-08,00:49:09,-07:00,2025-10-08T00:49:09-07:00,4,8
projects\index.html,87,html,60a04e4c,j2doan,2025-10-08,00:49:09,-07:00,2025-10-08T00:49:09-07:00,4,7
projects\index.html,88,html,60a04e4c,j2doan,2025-10-08,00:49:09,-07:00,2025-10-08T00:49:09-07:00,6,31
projects\index.html,89,html,60a04e4c,j2doan,2025-10-08,00:49:09,-07:00,2025-10-08T00:49:09-07:00,6,70
projects\index.html,90,html,60a04e4c,j2doan,2025-10-08,00:49:09,-07:00,2025-10-08T00:49:09-07:00,6,251
projects\index.html,91,html,60a04e4c,j2doan,2025-10-08,00:49:09,-07:00,2025-10-08T00:49:09-07:00,4,8
projects\index.html,92,html,60a04e4c,j2doan,2025-10-08,00:49:09,-07:00,2025-10-08T00:49:09-07:00,4,7
projects\index.html,93,html,60a04e4c,j2doan,2025-10-08,00:49:09,-07:00,2025-10-08T00:49:09-07:00,6,39
projects\index.html,94,html,60a04e4c,j2doan,2025-10-08,00:49:09,-07:00,2025-10-08T00:49:09-07:00,6,70
projects\index.html,95,html,60a04e4c,j2doan,2025-10-08,00:49:09,-07:00,2025-10-08T00:49:09-07:00,6,236
projects\index.html,96,html,29e77f1d,j2doan,2025-10-24,18:11:33,-07:00,2025-10-24T18:11:33-07:00,4,11
projects\index.html,97,html,60a04e4c,j2doan,2025-10-08,00:49:09,-07:00,2025-10-08T00:49:09-07:00,2,4
projects\index.html,98,html,ddcd3f95,j2doan,2025-09-30,19:20:42,-07:00,2025-09-30T19:20:42-07:00,0,5
projects\index.html,99,html,ddcd3f95,j2doan,2025-09-30,19:20:42,-07:00,2025-09-30T19:20:42-07:00,0,5
contact\index.html,1,html,ddcd3f95,j2doan,2025-09-30,19:20:42,-07:00,2025-09-30T19:20:42-07:00,0,14
contact\index.html,2,html,ddcd3f95,j2doan,2025-09-30,19:20:42,-07:00,2025-09-30T19:20:42-07:00,0,4
contact\index.html,3,html,ddcd3f95,j2doan,2025-09-30,19:20:42,-07:00,2025-09-30T19:20:42-07:00,2,20
contact\index.html,4,html,ddcd3f95,j2doan,2025-09-30,19:20:42,-07:00,2025-09-30T19:20:42-07:00,2,68
contact\index.html,5,html,ddcd3f95,j2doan,2025-09-30,19:20:42,-07:00,2025-09-30T19:20:42-07:00,2,20
contact\index.html,6,html,ff1a098f,j2doan,2025-10-07,18:17:51,-07:00,2025-10-07T18:17:51-07:00,2,41
contact\index.html,7,html,32c8d80e,j2doan,2025-10-24,17:57:09,-07:00,2025-10-24T17:57:09-07:00,2,56
contact\index.html,8,html,ddcd3f95,j2doan,2025-09-30,19:20:42,-07:00,2025-09-30T19:20:42-07:00,0,5
contact\index.html,9,html,ddcd3f95,j2doan,2025-09-30,19:20:42,-07:00,2025-09-30T19:20:42-07:00,0,4
contact\index.html,10,html,b8606c60,j2doan,2025-10-14,00:41:03,-07:00,2025-10-14T00:41:03-07:00,2,8
contact\index.html,11,html,645aba5a,j2doan,2025-09-30,23:57:53,-07:00,2025-09-30T23:57:53-07:00,4,2
contact\index.html,12,html,645aba5a,j2doan,2025-09-30,23:57:53,-07:00,2025-09-30T23:57:53-07:00,6,37
contact\index.html,13,html,645aba5a,j2doan,2025-09-30,23:57:53,-07:00,2025-09-30T23:57:53-07:00,6,50
contact\index.html,14,html,b8606c60,j2doan,2025-10-14,00:41:03,-07:00,2025-10-14T00:41:03-07:00,6,48
contact\index.html,15,html,2bab8e4f,j2doan,2025-10-02,01:20:10,-07:00,2025-10-02T01:20:10-07:00,6,46
contact\index.html,16,html,119e5076,j2doan,2025-10-01,00:04:54,-07:00,2025-10-01T00:04:54-07:00,6,70
contact\index.html,17,html,645aba5a,j2doan,2025-09-30,23:57:53,-07:00,2025-09-30T23:57:53-07:00,4,3
contact\index.html,18,html,b8606c60,j2doan,2025-10-14,00:41:03,-07:00,2025-10-14T00:41:03-07:00,2,8
contact\index.html,19,html,645aba5a,j2doan,2025-09-30,23:57:53,-07:00,2025-09-30T23:57:53-07:00,2,14
contact\index.html,20,html,9d1320c1,j2doan,2025-10-16,17:42:37,-07:00,2025-10-16T17:42:37-07:00,2,49
contact\index.html,21,html,645aba5a,j2doan,2025-09-30,23:57:53,-07:00,2025-09-30T23:57:53-07:00,4,5
contact\index.html,22,html,645aba5a,j2doan,2025-09-30,23:57:53,-07:00,2025-09-30T23:57:53-07:00,6,6
contact\index.html,23,html,645aba5a,j2doan,2025-09-30,23:57:53,-07:00,2025-09-30T23:57:53-07:00,6,29
contact\index.html,24,html,645aba5a,j2doan,2025-09-30,23:57:53,-07:00,2025-09-30T23:57:53-07:00,4,6
contact\index.html,25,html,645aba5a,j2doan,2025-09-30,23:57:53,-07:00,2025-09-30T23:57:53-07:00,0,0
contact\index.html,26,html,645aba5a,j2doan,2025-09-30,23:57:53,-07:00,2025-09-30T23:57:53-07:00,4,5
contact\index.html,27,html,645aba5a,j2doan,2025-09-30,23:57:53,-07:00,2025-09-30T23:57:53-07:00,6,3
contact\index.html,28,html,2bab8e4f,j2doan,2025-10-02,01:20:10,-07:00,2025-10-02T01:20:10-07:00,6,40
contact\index.html,29,html,645aba5a,j2doan,2025-09-30,23:57:53,-07:00,2025-09-30T23:57:53-07:00,4,6
contact\index.html,30,html,645aba5a,j2doan,2025-09-30,23:57:53,-07:00,2025-09-30T23:57:53-07:00,0,0
contact\index.html,31,html,645aba5a,j2doan,2025-09-30,23:57:53,-07:00,2025-09-30T23:57:53-07:00,4,19
contact\index.html,32,html,645aba5a,j2doan,2025-09-30,23:57:53,-07:00,2025-09-30T23:57:53-07:00,2,5
contact\index.html,33,html,ddcd3f95,j2doan,2025-09-30,19:20:42,-07:00,2025-09-30T19:20:42-07:00,0,5
contact\index.html,34,html,ddcd3f95,j2doan,2025-09-30,19:20:42,-07:00,2025-09-30T19:20:42-07:00,0,5
